chr1	941458	941958
chr1	1375168	1375668
chr1	6359672	6360172
chr1	6600992	6601492
chr1	7572890	7573390
chr1	7961380	7961880
chr1	7988538	7989038
chr1	9900408	9900908
chr1	11805803	11806303
chr1	11882824	11883324
chr1	11979993	11980493
chr1	15197028	15197528
chr1	15424031	15424531
chr1	15526507	15527007
chr1	16905271	16905771
chr1	19974744	19975244
chr1	20538198	20538698
chr1	20661260	20661760
chr1	21956740	21957240
chr1	23451892	23452392
chr1	23691452	23691952
chr1	23919930	23920430
chr1	23980168	23980668
chr1	24119999	24120499
chr1	24143035	24143535
chr1	24389587	24390087
chr1	24502096	24502596
chr1	25239798	25240298
chr1	25810777	25811277
chr1	26097558	26098058
chr1	26111409	26111909
chr1	26177149	26177649
chr1	26862746	26863246
chr1	26890047	26890547
chr1	26900197	26900697
chr1	27321867	27322367
chr1	27542329	27542829
chr1	27785735	27786235
chr1	27817159	27817659
chr1	27834018	27834518
chr1	28172679	28173179
chr1	28328798	28329298
chr1	28351520	28352020
chr1	28668158	28668658
chr1	28751308	28751808
chr1	30061479	30061979
chr1	31444679	31445179
chr1	31498959	31499459
chr1	31548829	31549329
chr1	31644674	31645174
chr1	32400801	32401301
chr1	32760098	32760598
chr1	32761368	32761868
chr1	32818105	32818605
chr1	32939609	32940109
chr1	32963610	32964110
chr1	33392028	33392528
chr1	37989840	37990340
chr1	37999450	37999950
chr1	39214184	39214684
chr1	39276062	39276562
chr1	39827086	39827586
chr1	39852157	39852657
chr1	40059159	40059659
chr1	40107596	40108096
chr1	40140212	40140712
chr1	40531282	40531782
chr1	40691341	40691841
chr1	40691883	40692383
chr1	41003590	41004090
chr1	42335038	42335538
chr1	42339976	42340476
chr1	42764232	42764732
chr1	42996305	42996805
chr1	43357962	43358462
chr1	43370654	43371154
chr1	43523039	43523539
chr1	43550054	43550554
chr1	43969680	43970180
chr1	44721450	44721950
chr1	44730772	44731272
chr1	44799973	44800473
chr1	46247432	46247932
chr1	46340482	46340982
chr1	46481045	46481545
chr1	46718984	46719484
chr1	47030968	47031468
chr1	48043509	48044009
chr1	48093649	48094149
chr1	51247514	51248014
chr1	53257543	53258043
chr1	53431915	53432415
chr1	53957182	53957682
chr1	54028902	54029402
chr1	54287136	54287636
chr1	54641122	54641622
chr1	54888353	54888853
chr1	55428952	55429452
chr1	56516828	56517328
chr1	58033045	58033545
chr1	58546035	58546535
chr1	58546537	58547037
chr1	58584311	58584811
chr1	61708869	61709369
chr1	61743758	61744258
chr1	61851585	61852085
chr1	62278905	62279405
chr1	63367268	63367768
chr1	63480056	63480556
chr1	64172025	64172525
chr1	64766439	64766939
chr1	64915799	64916299
chr1	65763991	65764491
chr1	66929975	66930475
chr1	67571747	67572247
chr1	67686593	67687093
chr1	67749485	67749985
chr1	67771138	67771638
chr1	67850588	67851088
chr1	67880082	67880582
chr1	68496911	68497411
chr1	74730028	74730528
chr1	78101505	78102005
chr1	84020935	84021435
chr1	85200870	85201370
chr1	85225888	85226388
chr1	85278776	85279276
chr1	85328872	85329372
chr1	85339084	85339584
chr1	86194536	86195036
chr1	86765032	86765532
chr1	86774224	86774724
chr1	86992722	86993222
chr1	86993240	86993740
chr1	91021874	91022374
chr1	91885704	91886204
chr1	92804721	92805221
chr1	92933423	92933923
chr1	92949575	92950075
chr1	92995482	92995982
chr1	93072350	93072850
chr1	93345559	93346059
chr1	93474197	93474697
chr1	93567365	93567865
chr1	93664570	93665070
chr1	93672143	93672643
chr1	93844161	93844661
chr1	94418051	94418551
chr1	94658134	94658634
chr1	100132832	100133332
chr1	100249661	100250161
chr1	101245209	101245709
chr1	107649466	107649966
chr1	109090496	109090996
chr1	109112587	109113087
chr1	109181242	109181742
chr1	109218485	109218985
chr1	109652442	109652942
chr1	109732037	109732537
chr1	109855985	109856485
chr1	109948164	109948664
chr1	109984471	109984971
chr1	110003762	110004262
chr1	110356321	110356821
chr1	110480349	110480849
chr1	111618201	111618701
chr1	112698867	112699367
chr1	112700109	112700609
chr1	112700732	112701232
chr1	112803892	112804392
chr1	113812239	113812739
chr1	113904825	113905325
chr1	113946568	113947068
chr1	115037073	115037573
chr1	115138842	115139342
chr1	116097603	116098103
chr1	116418324	116418824
chr1	116931176	116931676
chr1	117179518	117180018
chr1	119428894	119429394
chr1	119431423	119431923
chr1	145740139	145740639
chr1	145858832	145859332
chr1	145918482	145918982
chr1	145927288	145927788
chr1	145963211	145963711
chr1	145979317	145979817
chr1	149792848	149793348
chr1	149888332	149888832
chr1	149899297	149899797
chr1	149899864	149900364
chr1	150255602	150256102
chr1	150282168	150282668
chr1	150293859	150294359
chr1	150532478	150532978
chr1	150561224	150561724
chr1	150561956	150562456
chr1	150579447	150579947
chr1	150604649	150605149
chr1	150697053	150697553
chr1	150852186	150852686
chr1	151058566	151059066
chr1	151165702	151166202
chr1	151372495	151372995
chr1	151399249	151399749
chr1	151458540	151459040
chr1	151459272	151459772
chr1	151596437	151596937
chr1	151611707	151612207
chr1	151763309	151763809
chr1	151829991	151830491
chr1	151905665	151906165
chr1	151988406	151988906
chr1	152047796	152048296
chr1	152048376	152048876
chr1	152162723	152163223
chr1	153515870	153516370
chr1	153566483	153566983
chr1	153658406	153658906
chr1	153728200	153728700
chr1	154272227	154272727
chr1	154484250	154484750
chr1	155000339	155000839
chr1	155000918	155001418
chr1	155084666	155085166
chr1	155173093	155173593
chr1	155193458	155193958
chr1	155244517	155245017
chr1	155308469	155308969
chr1	155309010	155309510
chr1	155570217	155570717
chr1	155911155	155911655
chr1	155934234	155934734
chr1	156053652	156054152
chr1	156126200	156126700
chr1	156130185	156130685
chr1	156457138	156457638
chr1	156471415	156471915
chr1	156572370	156572870
chr1	156601533	156602033
chr1	156661219	156661719
chr1	156705920	156706420
chr1	156741022	156741522
chr1	156892264	156892764
chr1	159780522	159781022
chr1	159916200	159916700
chr1	159924405	159924905
chr1	159960913	159961413
chr1	159970865	159971365
chr1	160813178	160813678
chr1	160911581	160912081
chr1	160949372	160949872
chr1	160951255	160951755
chr1	160997264	160997764
chr1	161045731	161046231
chr1	161083395	161083895
chr1	161084116	161084616
chr1	161117770	161118270
chr1	161132797	161133297
chr1	161166107	161166607
chr1	161202061	161202561
chr1	161612460	161612960
chr1	161749477	161749977
chr1	161792642	161793142
chr1	162254863	162255363
chr1	162421415	162421915
chr1	162705464	162705964
chr1	167082363	167082863
chr1	167082887	167083387
chr1	167645038	167645538
chr1	168082187	168082687
chr1	168145755	168146255
chr1	168179268	168179768
chr1	168693305	168693805
chr1	168861489	168861989
chr1	169060760	169061260
chr1	169485808	169486308
chr1	169544192	169544692
chr1	169586227	169586727
chr1	169675747	169676247
chr1	169794713	169795213
chr1	170074464	170074964
chr1	172443805	172444305
chr1	172976487	172976987
chr1	173445707	173446207
chr1	173868745	173869245
chr1	174913498	174913998
chr1	175269094	175269594
chr1	178031742	178032242
chr1	179296502	179297002
chr1	179930140	179930640
chr1	179930870	179931370
chr1	180117212	180117712
chr1	180615505	180616005
chr1	181022709	181023209
chr1	181084091	181084591
chr1	181088374	181088874
chr1	181112352	181112852
chr1	181127033	181127533
chr1	181433749	181434249
chr1	182687325	182687825
chr1	182688353	182688853
chr1	182968700	182969200
chr1	183019308	183019808
chr1	183037051	183037551
chr1	183471528	183472028
chr1	183636184	183636684
chr1	183640119	183640619
chr1	183736399	183736899
chr1	186375218	186375718
chr1	186848410	186848910
chr1	186943763	186944263
chr1	193007986	193008486
chr1	197146501	197147001
chr1	197201225	197201725
chr1	198156735	198157235
chr1	200131525	200132025
chr1	200371946	200372446
chr1	200483421	200483921
chr1	200620566	200621066
chr1	200669227	200669727
chr1	200669814	200670314
chr1	201828878	201829378
chr1	202008083	202008583
chr1	202017656	202018156
chr1	202034732	202035232
chr1	202108191	202108691
chr1	202746324	202746824
chr1	202810658	202811158
chr1	202888343	202888843
chr1	202927020	202927520
chr1	203007100	203007600
chr1	203153929	203154429
chr1	203188761	203189261
chr1	203306174	203306674
chr1	203316576	203317076
chr1	204084220	204084720
chr1	204331169	204331669
chr1	204383164	204383664
chr1	204411699	204412199
chr1	204416979	204417479
chr1	204417547	204418047
chr1	204425828	204426328
chr1	204510909	204511409
chr1	204516109	204516609
chr1	204565692	204566192
chr1	204791743	204792243
chr1	204806902	204807402
chr1	204859818	204860318
chr1	204924157	204924657
chr1	205889683	205890183
chr1	205961829	205962329
chr1	206941698	206942198
chr1	207032732	207033232
chr1	207084630	207085130
chr1	207232611	207233111
chr1	207321496	207321996
chr1	207323358	207323858
chr1	208132152	208132652
chr1	209576686	209577186
chr1	209747633	209748133
chr1	209827121	209827621
chr1	209827639	209828139
chr1	210001777	210002277
chr1	211603340	211603840
chr1	211832579	211833079
chr1	211917856	211918356
chr1	211928169	211928669
chr1	211928921	211929421
chr1	212219620	212220120
chr1	212261401	212261901
chr1	212316046	212316546
chr1	212430955	212431455
chr1	212596157	212596657
chr1	212606627	212607127
chr1	213051024	213051524
chr1	214281235	214281735
chr1	214516551	214517051
chr1	214550873	214551373
chr1	214552231	214552731
chr1	219039252	219039752
chr1	219271423	219271923
chr1	220544993	220545493
chr1	220748020	220748520
chr1	221839785	221840285
chr1	221850408	221850908
chr1	222589652	222590152
chr1	223665441	223665941
chr1	223715252	223715752
chr1	223740131	223740631
chr1	223814971	223815471
chr1	223819758	223820258
chr1	223860083	223860583
chr1	224113813	224114313
chr1	224210930	224211430
chr1	224213487	224213987
chr1	224622250	224622750
chr1	224782845	224783345
chr1	225627269	225627769
chr1	225642764	225643264
chr1	225694093	225694593
chr1	225777485	225777985
chr1	226029434	226029934
chr1	227396624	227397124
chr1	230104581	230105081
chr1	230282164	230282664
chr1	230576021	230576521
chr1	230968590	230969090
chr1	230979221	230979721
chr1	231337623	231338123
chr1	231393577	231394077
chr1	231396587	231397087
chr1	231626411	231626911
chr1	234373163	234373663
chr1	234603743	234604243
chr1	234612536	234613036
chr1	234960561	234961061
chr1	235073488	235073988
chr1	241519557	241520057
chr1	246327022	246327522
chr1	246566093	246566593
chr1	246677832	246678332
chr10	1107721	1108221
chr10	3197320	3197820
chr10	3810070	3810570
chr10	3852231	3852731
chr10	4128016	4128516
chr10	4981966	4982466
chr10	5020184	5020684
chr10	5071667	5072167
chr10	5813225	5813725
chr10	7311070	7311570
chr10	11876006	11876506
chr10	11898113	11898613
chr10	12129362	12129862
chr10	13440374	13440874
chr10	13586637	13587137
chr10	15141664	15142164
chr10	15200607	15201107
chr10	16436657	16437157
chr10	16437185	16437685
chr10	17616585	17617085
chr10	18610475	18610975
chr10	18627623	18628123
chr10	22616044	22616544
chr10	26779142	26779642
chr10	28253969	28254469
chr10	28254471	28254971
chr10	28569490	28569990
chr10	28687066	28687566
chr10	29725012	29725512
chr10	29735693	29736193
chr10	31940716	31941216
chr10	32059402	32059902
chr10	32139191	32139691
chr10	32243254	32243754
chr10	34252091	34252591
chr10	34405740	34406240
chr10	37732620	37733120
chr10	45672538	45673038
chr10	46540017	46540517
chr10	47406743	47407243
chr10	50374149	50374649
chr10	50526305	50526805
chr10	52884205	52884705
chr10	59895589	59896089
chr10	59965243	59965743
chr10	60175352	60175852
chr10	60781586	60782086
chr10	63465132	63465632
chr10	63588394	63588894
chr10	68153572	68154072
chr10	68599858	68600358
chr10	69213622	69214122
chr10	69217080	69217580
chr10	69314955	69315455
chr10	69425807	69426307
chr10	69439803	69440303
chr10	69458671	69459171
chr10	70896271	70896771
chr10	71338926	71339426
chr10	72354723	72355223
chr10	72456263	72456763
chr10	73218367	73218867
chr10	73741793	73742293
chr10	73772718	73773218
chr10	73966118	73966618
chr10	74056299	74056799
chr10	75225447	75225947
chr10	79445703	79446203
chr10	80495114	80495614
chr10	84308828	84309328
chr10	87342291	87342791
chr10	87500615	87501115
chr10	87861399	87861899
chr10	88851687	88852187
chr10	90407184	90407684
chr10	90921126	90921626
chr10	91798132	91798632
chr10	92572931	92573431
chr10	92591480	92591980
chr10	92806460	92806960
chr10	92821962	92822462
chr10	92892316	92892816
chr10	93445581	93446081
chr10	93465762	93466262
chr10	93475874	93476374
chr10	93482008	93482508
chr10	93496279	93496779
chr10	94627524	94628024
chr10	94963775	94964275
chr10	95183578	95184078
chr10	95260483	95260983
chr10	95273424	95273924
chr10	95275623	95276123
chr10	95290839	95291339
chr10	95329850	95330350
chr10	96596506	96597006
chr10	97291798	97292298
chr10	97427475	97427975
chr10	97633282	97633782
chr10	98460763	98461263
chr10	98467376	98467876
chr10	99430468	99430968
chr10	99732143	99732643
chr10	99930766	99931266
chr10	100186780	100187280
chr10	100364671	100365171
chr10	101781004	101781504
chr10	102152032	102152532
chr10	102229670	102230170
chr10	102501857	102502357
chr10	103512566	103513066
chr10	103836993	103837493
chr10	104109744	104110244
chr10	104121719	104122219
chr10	104268855	104269355
chr10	107971837	107972337
chr10	109993878	109994378
chr10	109996055	109996555
chr10	110081936	110082436
chr10	110405331	110405831
chr10	110415748	110416248
chr10	110483524	110484024
chr10	110522680	110523180
chr10	110641153	110641653
chr10	112330523	112331023
chr10	112519103	112519603
chr10	113679579	113680079
chr10	113927277	113927777
chr10	114507316	114507816
chr10	114548615	114549115
chr10	116992024	116992524
chr10	117312376	117312876
chr10	117375262	117375762
chr10	118046699	118047199
chr10	120851011	120851511
chr10	122019005	122019505
chr10	122375224	122375724
chr10	122980425	122980925
chr10	124403398	124403898
chr10	124744134	124744634
chr10	124744663	124745163
chr10	125023836	125024336
chr10	125828250	125828750
chr10	129853537	129854037
chr10	132418798	132419298
chr10	133143838	133144338
chr10	133329631	133330131
chr11	207230	207730
chr11	518525	519025
chr11	642496	642996
chr11	1691139	1691639
chr11	1830770	1831270
chr11	2442711	2443211
chr11	2991353	2991853
chr11	4694463	4694963
chr11	5684833	5685333
chr11	5690099	5690599
chr11	6536615	6537115
chr11	6603378	6603878
chr11	6612717	6613217
chr11	6683138	6683638
chr11	6926057	6926557
chr11	7605402	7605902
chr11	7910307	7910807
chr11	7936607	7937107
chr11	8688823	8689323
chr11	8800400	8800900
chr11	9169511	9170011
chr11	9364274	9364774
chr11	9384348	9384848
chr11	9565882	9566382
chr11	9906012	9906512
chr11	10751472	10751972
chr11	10899878	10900378
chr11	11798719	11799219
chr11	12090634	12091134
chr11	12110260	12110760
chr11	12125467	12125967
chr11	12233250	12233750
chr11	12724301	12724801
chr11	13249325	13249825
chr11	13462515	13463015
chr11	13463048	13463548
chr11	13668347	13668847
chr11	13992142	13992642
chr11	14015553	14016053
chr11	14258190	14258690
chr11	14519559	14520059
chr11	17197493	17197993
chr11	17209077	17209577
chr11	18322009	18322509
chr11	18395932	18396432
chr11	18457361	18457861
chr11	18526133	18526633
chr11	18588466	18588966
chr11	19116817	19117317
chr11	19240891	19241391
chr11	22922861	22923361
chr11	27392574	27393074
chr11	27698906	27699406
chr11	28110041	28110541
chr11	32892575	32893075
chr11	33257994	33258494
chr11	34243605	34244105
chr11	34345244	34345744
chr11	34633596	34634096
chr11	34641868	34642368
chr11	35005332	35005832
chr11	44584781	44585281
chr11	44621038	44621538
chr11	45771812	45772312
chr11	46590694	46591194
chr11	46593781	46594281
chr11	47408236	47408736
chr11	57311214	57311714
chr11	57324768	57325268
chr11	57778410	57778910
chr11	57780345	57780845
chr11	57781538	57782038
chr11	57798974	57799474
chr11	59025186	59025686
chr11	59106563	59107063
chr11	59172059	59172559
chr11	59189826	59190326
chr11	59668960	59669460
chr11	59680462	59680962
chr11	59706796	59707296
chr11	59753939	59754439
chr11	59755570	59756070
chr11	59776450	59776950
chr11	59777100	59777600
chr11	59790527	59791027
chr11	59919024	59919524
chr11	60841743	60842243
chr11	60918601	60919101
chr11	61792054	61792554
chr11	61822963	61823463
chr11	61949435	61949935
chr11	61958979	61959479
chr11	61985895	61986395
chr11	62081961	62082461
chr11	62353746	62354246
chr11	62548804	62549304
chr11	62560510	62561010
chr11	62573836	62574336
chr11	62591494	62591994
chr11	62646504	62647004
chr11	62727339	62727839
chr11	62771307	62771807
chr11	62786121	62786621
chr11	62841228	62841728
chr11	62841770	62842270
chr11	62855732	62856232
chr11	63564732	63565232
chr11	63614261	63614761
chr11	63619820	63620320
chr11	63631433	63631933
chr11	64269013	64269513
chr11	64888823	64889323
chr11	65040632	65041132
chr11	65095914	65096414
chr11	65134283	65134783
chr11	65150648	65151148
chr11	65181053	65181553
chr11	65181559	65182059
chr11	65275077	65275577
chr11	65363882	65364382
chr11	65371072	65371572
chr11	65381632	65382132
chr11	65382190	65382690
chr11	65472010	65472510
chr11	65477339	65477839
chr11	65488596	65489096
chr11	65497239	65497739
chr11	65574868	65575368
chr11	65720562	65721062
chr11	65860196	65860696
chr11	65919035	65919535
chr11	65961411	65961911
chr11	66001986	66002486
chr11	66421496	66421996
chr11	66438586	66439086
chr11	66510360	66510860
chr11	67054992	67055492
chr11	67354477	67354977
chr11	67606558	67607058
chr11	68099601	68100101
chr11	68380381	68380881
chr11	71487975	71488475
chr11	72080447	72080947
chr11	72103160	72103660
chr11	73376001	73376501
chr11	74169851	74170351
chr11	74442516	74443016
chr11	74492965	74493465
chr11	74493483	74493983
chr11	74961884	74962384
chr11	74963816	74964316
chr11	75768217	75768717
chr11	75814696	75815196
chr11	75868871	75869371
chr11	77091082	77091582
chr11	77560493	77560993
chr11	77589051	77589551
chr11	77602384	77602884
chr11	77670030	77670530
chr11	78377552	78378052
chr11	82901400	82901900
chr11	83193441	83193941
chr11	83241272	83241772
chr11	83711008	83711508
chr11	83714165	83714665
chr11	83774150	83774650
chr11	85725849	85726349
chr11	86052811	86053311
chr11	86790202	86790702
chr11	88398293	88398793
chr11	90222878	90223378
chr11	93075673	93076173
chr11	93228737	93229237
chr11	93857360	93857860
chr11	94077816	94078316
chr11	94128625	94129125
chr11	94152155	94152655
chr11	94153106	94153606
chr11	94468201	94468701
chr11	94493165	94493665
chr11	94493682	94494182
chr11	94602678	94603178
chr11	94737242	94737742
chr11	95977523	95978023
chr11	96110294	96110794
chr11	96145103	96145603
chr11	96207619	96208119
chr11	100719729	100720229
chr11	100775094	100775594
chr11	100785303	100785803
chr11	102007772	102008272
chr11	102111336	102111836
chr11	102306202	102306702
chr11	102312586	102313086
chr11	102317186	102317686
chr11	102346971	102347471
chr11	102476770	102477270
chr11	102793737	102794237
chr11	108121276	108121776
chr11	108593513	108594013
chr11	108664715	108665215
chr11	110305689	110306189
chr11	110317402	110317902
chr11	110337688	110338188
chr11	110356665	110357165
chr11	110429981	110430481
chr11	111785115	111785615
chr11	111931734	111932234
chr11	112157148	112157648
chr11	112176058	112176558
chr11	112289931	112290431
chr11	112321803	112322303
chr11	114438123	114438623
chr11	114562497	114562997
chr11	114783637	114784137
chr11	116693506	116694006
chr11	116852468	116852968
chr11	117198025	117198525
chr11	117980151	117980651
chr11	118145273	118145773
chr11	118241468	118241968
chr11	118264189	118264689
chr11	118610920	118611420
chr11	118689715	118690215
chr11	118714742	118715242
chr11	118715805	118716305
chr11	118790331	118790831
chr11	119018189	119018689
chr11	119018733	119019233
chr11	119067464	119067964
chr11	119101395	119101895
chr11	119101941	119102441
chr11	119107036	119107536
chr11	119205718	119206218
chr11	120326947	120327447
chr11	120335535	120336035
chr11	121391829	121392329
chr11	124622599	124623099
chr11	124625170	124625670
chr11	124725094	124725594
chr11	124800133	124800633
chr11	125592416	125592916
chr11	125887471	125887971
chr11	126268772	126269272
chr11	126303782	126304282
chr11	126345879	126346379
chr11	126386478	126386978
chr11	128507016	128507516
chr11	128522169	128522669
chr11	128964494	128964994
chr11	129538215	129538715
chr11	129642083	129642583
chr11	129815614	129816114
chr11	129853795	129854295
chr11	129923223	129923723
chr11	130003498	130003998
chr11	134253184	134253684
chr12	487806	488306
chr12	503416	503916
chr12	513450	513950
chr12	524048	524548
chr12	903518	904018
chr12	990624	991124
chr12	1574802	1575302
chr12	1711713	1712213
chr12	3872913	3873413
chr12	4973831	4974331
chr12	4974408	4974908
chr12	6336144	6336644
chr12	6423489	6423989
chr12	6937732	6938232
chr12	6995883	6996383
chr12	8011084	8011584
chr12	10716622	10717122
chr12	10723155	10723655
chr12	12266753	12267253
chr12	12611468	12611968
chr12	12725504	12726004
chr12	12779440	12779940
chr12	12819947	12820447
chr12	12823206	12823706
chr12	12844963	12845463
chr12	12883474	12883974
chr12	13124994	13125494
chr12	13390302	13390802
chr12	13436730	13437230
chr12	14716733	14717233
chr12	14777152	14777652
chr12	15911037	15911537
chr12	15984892	15985392
chr12	16348992	16349492
chr12	21613867	21614367
chr12	22415581	22416081
chr12	25835230	25835730
chr12	25876322	25876822
chr12	25979138	25979638
chr12	26246416	26246916
chr12	26523641	26524141
chr12	26938128	26938628
chr12	27014213	27014713
chr12	27280327	27280827
chr12	27523842	27524342
chr12	27539081	27539581
chr12	27710520	27711020
chr12	28131765	28132265
chr12	31471835	31472335
chr12	31589825	31590325
chr12	31896626	31897126
chr12	31959063	31959563
chr12	32754995	32755495
chr12	42144649	42145149
chr12	45192279	45192779
chr12	45215235	45215735
chr12	45215919	45216419
chr12	45231829	45232329
chr12	45299029	45299529
chr12	45705179	45705679
chr12	45762342	45762842
chr12	46383207	46383707
chr12	46455756	46456256
chr12	47004599	47005099
chr12	47181975	47182475
chr12	47244744	47245244
chr12	47286605	47287105
chr12	47768325	47768825
chr12	47807174	47807674
chr12	47819761	47820261
chr12	48814592	48815092
chr12	48851995	48852495
chr12	49347609	49348109
chr12	49456202	49456702
chr12	49963053	49963553
chr12	50103737	50104237
chr12	50763715	50764215
chr12	51308122	51308622
chr12	51429989	51430489
chr12	51446268	51446768
chr12	52069374	52069874
chr12	52143552	52144052
chr12	52192096	52192596
chr12	52215569	52216069
chr12	52278874	52279374
chr12	52884712	52885212
chr12	52903987	52904487
chr12	52915604	52916104
chr12	52945418	52945918
chr12	53079204	53079704
chr12	53174794	53175294
chr12	53538029	53538529
chr12	53778182	53778682
chr12	54194898	54195398
chr12	54359068	54359568
chr12	55681841	55682341
chr12	55940168	55940668
chr12	55956053	55956553
chr12	55974206	55974706
chr12	56159017	56159517
chr12	56190060	56190560
chr12	56196915	56197415
chr12	56315994	56316494
chr12	56333794	56334294
chr12	56468228	56468728
chr12	57377227	57377727
chr12	57520326	57520826
chr12	57583226	57583726
chr12	57752235	57752735
chr12	57771934	57772434
chr12	57846833	57847333
chr12	58639267	58639767
chr12	62594743	62595243
chr12	62602277	62602777
chr12	64650637	64651137
chr12	64655069	64655569
chr12	64665668	64666168
chr12	64669224	64669724
chr12	64675762	64676262
chr12	64810806	64811306
chr12	64852171	64852671
chr12	65169247	65169747
chr12	65319644	65320144
chr12	67555283	67555783
chr12	69339884	69340384
chr12	69360012	69360512
chr12	69405395	69405895
chr12	70049782	70050282
chr12	70645729	70646229
chr12	71046152	71046652
chr12	71157813	71158313
chr12	71158532	71159032
chr12	71642134	71642634
chr12	71671768	71672268
chr12	71754541	71755041
chr12	71840477	71840977
chr12	74425867	74426367
chr12	74537565	74538065
chr12	75129224	75129724
chr12	75484351	75484851
chr12	76083784	76084284
chr12	76084542	76085042
chr12	76116993	76117493
chr12	76679696	76680196
chr12	76764011	76764511
chr12	78451125	78451625
chr12	79369669	79370169
chr12	79414069	79414569
chr12	79549414	79549914
chr12	80849454	80849954
chr12	81395049	81395549
chr12	88179643	88180143
chr12	88580225	88580725
chr12	89352281	89352781
chr12	89461719	89462219
chr12	93701487	93701987
chr12	94078245	94078745
chr12	94152641	94153141
chr12	94297812	94298312
chr12	95172491	95172991
chr12	95282193	95282693
chr12	95718041	95718541
chr12	95737685	95738185
chr12	95774234	95774734
chr12	95802888	95803388
chr12	98656860	98657360
chr12	98736956	98737456
chr12	101407811	101408311
chr12	101608259	101608759
chr12	102061877	102062377
chr12	103929255	103929755
chr12	104120908	104121408
chr12	104219342	104219842
chr12	104286696	104287196
chr12	104408513	104409013
chr12	105235929	105236429
chr12	106975947	106976447
chr12	107632135	107632635
chr12	108560930	108561430
chr12	108694795	108695295
chr12	109093279	109093779
chr12	109310532	109311032
chr12	109696032	109696532
chr12	109983676	109984176
chr12	110345188	110345688
chr12	110468171	110468671
chr12	111396866	111397366
chr12	111753134	111753634
chr12	112013032	112013532
chr12	112932420	112932920
chr12	113966132	113966632
chr12	114625395	114625895
chr12	117969119	117969619
chr12	118059489	118059989
chr12	119669743	119670243
chr12	120079287	120079787
chr12	120229485	120229985
chr12	120291343	120291843
chr12	120291931	120292431
chr12	120292925	120293425
chr12	120528910	120529410
chr12	120686778	120687278
chr12	120702612	120703112
chr12	121005152	121005652
chr12	121026191	121026691
chr12	121888440	121888940
chr12	122368201	122368701
chr12	122871947	122872447
chr12	122961528	122962028
chr12	123601818	123602318
chr12	124231785	124232285
chr12	124352539	124353039
chr12	127165907	127166407
chr12	132144059	132144559
chr13	20940106	20940606
chr13	21070755	21071255
chr13	24512577	24513077
chr13	26542425	26542925
chr13	29849561	29850061
chr13	29901621	29902121
chr13	29923775	29924275
chr13	31945531	31946031
chr13	31998021	31998521
chr13	32538596	32539096
chr13	33379220	33379720
chr13	36346566	36347066
chr13	36373950	36374450
chr13	36903849	36904349
chr13	36999148	36999648
chr13	40895807	40896307
chr13	40974994	40975494
chr13	40993887	40994387
chr13	41061012	41061512
chr13	41311050	41311550
chr13	42981816	42982316
chr13	43054738	43055238
chr13	43879299	43879799
chr13	45120236	45120736
chr13	45142530	45143030
chr13	46588080	46588580
chr13	48232860	48233360
chr13	49792881	49793381
chr13	49936201	49936701
chr13	51452967	51453467
chr13	52449757	52450257
chr13	52968068	52968568
chr13	53074324	53074824
chr13	60009452	60009952
chr13	62724205	62724705
chr13	63438838	63439338
chr13	76903500	76904000
chr13	95676081	95676581
chr13	95676776	95677276
chr13	97109769	97110269
chr13	97258029	97258529
chr13	97310702	97311202
chr13	100675152	100675652
chr13	102798790	102799290
chr13	102845530	102846030
chr13	106473090	106473590
chr13	106535491	106535991
chr13	106569660	106570160
chr13	112587346	112587846
chr13	113187259	113187759
chr13	113296881	113297381
chr13	114314285	114314785
chr14	20343027	20343527
chr14	20417842	20418342
chr14	20454832	20455332
chr14	20662923	20663423
chr14	20707586	20708086
chr14	20711217	20711717
chr14	20971335	20971835
chr14	21308142	21308642
chr14	21308668	21309168
chr14	21437128	21437628
chr14	21455957	21456457
chr14	21476843	21477343
chr14	22560433	22560933
chr14	22602735	22603235
chr14	22930029	22930529
chr14	23164277	23164777
chr14	23602324	23602824
chr14	24091969	24092469
chr14	24188657	24189157
chr14	24299560	24300060
chr14	32076667	32077167
chr14	32381801	32382301
chr14	33989949	33990449
chr14	34035551	34036051
chr14	34081351	34081851
chr14	34460769	34461269
chr14	34462148	34462648
chr14	34982362	34982862
chr14	35335464	35335964
chr14	35336702	35337202
chr14	35356158	35356658
chr14	36070356	36070856
chr14	36373871	36374371
chr14	37595878	37596378
chr14	39170143	39170643
chr14	39227942	39228442
chr14	39376667	39377167
chr14	44865572	44866072
chr14	44896879	44897379
chr14	44961818	44962318
chr14	45134294	45134794
chr14	49505376	49505876
chr14	49598420	49598920
chr14	49688003	49688503
chr14	50396578	50397078
chr14	50434447	50434947
chr14	51581330	51581830
chr14	52852997	52853497
chr14	53153083	53153583
chr14	53180752	53181252
chr14	53850328	53850828
chr14	54488693	54489193
chr14	54509533	54510033
chr14	54650024	54650524
chr14	55221926	55222426
chr14	55271849	55272349
chr14	55316605	55317105
chr14	55385415	55385915
chr14	55427318	55427818
chr14	56117719	56118219
chr14	56491223	56491723
chr14	56659907	56660407
chr14	56666169	56666669
chr14	57057830	57058330
chr14	57268678	57269178
chr14	57390231	57390731
chr14	58171046	58171546
chr14	58199848	58200348
chr14	58244525	58245025
chr14	58297328	58297828
chr14	58427449	58427949
chr14	59188328	59188828
chr14	59272691	59273191
chr14	60091668	60092168
chr14	60165132	60165632
chr14	60980895	60981395
chr14	61526837	61527337
chr14	61561783	61562283
chr14	63641062	63641562
chr14	64540385	64540885
chr14	64758570	64759070
chr14	64811562	64812062
chr14	64879829	64880329
chr14	64914088	64914588
chr14	64942697	64943197
chr14	65335183	65335683
chr14	67385604	67386104
chr14	67418821	67419321
chr14	67514712	67515212
chr14	68487741	68488241
chr14	68792926	68793426
chr14	68843879	68844379
chr14	68937740	68938240
chr14	68945407	68945907
chr14	69812776	69813276
chr14	70254529	70255029
chr14	70365890	70366390
chr14	70403228	70403728
chr14	70665352	70665852
chr14	73058178	73058678
chr14	73760039	73760539
chr14	73771908	73772408
chr14	73949986	73950486
chr14	74217581	74218081
chr14	74362526	74363026
chr14	74601951	74602451
chr14	74951201	74951701
chr14	75050909	75051409
chr14	75196442	75196942
chr14	75258924	75259424
chr14	75521374	75521874
chr14	75654048	75654548
chr14	76812564	76813064
chr14	77184275	77184775
chr14	77457454	77457954
chr14	77647747	77648247
chr14	77699487	77699987
chr14	81170214	81170714
chr14	81221422	81221922
chr14	82647029	82647529
chr14	88473749	88474249
chr14	89417023	89417523
chr14	89954043	89954543
chr14	90383085	90383585
chr14	90396670	90397170
chr14	92400665	92401165
chr14	94026088	94026588
chr14	94599148	94599648
chr14	100214319	100214819
chr14	100305034	100305534
chr14	102139452	102139952
chr14	102150809	102151309
chr14	103332880	103333380
chr14	103408688	103409188
chr14	103500094	103500594
chr14	103562443	103562943
chr14	103693416	103693916
chr14	104225742	104226242
chr14	104815841	104816341
chr14	104864026	104864526
chr14	105045656	105046156
chr14	105090427	105090927
chr15	29736660	29737160
chr15	29821356	29821856
chr15	29924590	29925090
chr15	33068617	33069117
chr15	33852497	33852997
chr15	34348640	34349140
chr15	36612220	36612720
chr15	39878351	39878851
chr15	40069116	40069616
chr15	40569023	40569523
chr15	40747510	40748010
chr15	40755135	40755635
chr15	40845771	40846271
chr15	40879537	40880037
chr15	40894769	40895269
chr15	41115984	41116484
chr15	41276749	41277249
chr15	41581088	41581588
chr15	41586440	41586940
chr15	41783212	41783712
chr15	41917617	41918117
chr15	43095161	43095661
chr15	43105946	43106446
chr15	43285491	43285991
chr15	43826702	43827202
chr15	44458421	44458921
chr15	44683223	44683723
chr15	45089539	45090039
chr15	45435457	45435957
chr15	45586882	45587382
chr15	45634764	45635264
chr15	48759783	48760283
chr15	48810946	48811446
chr15	49046254	49046754
chr15	49155446	49155946
chr15	50260882	50261382
chr15	50402808	50403308
chr15	50424021	50424521
chr15	50686057	50686557
chr15	50841135	50841635
chr15	51003985	51004485
chr15	51621931	51622431
chr15	51878706	51879206
chr15	52699287	52699787
chr15	55289411	55289911
chr15	55318909	55319409
chr15	55408119	55408619
chr15	55737242	55737742
chr15	56365146	56365646
chr15	57497000	57497500
chr15	57609974	57610474
chr15	57675367	57675867
chr15	58111164	58111664
chr15	58770930	58771430
chr15	59374663	59375163
chr15	59689238	59689738
chr15	60414146	60414646
chr15	62060337	62060837
chr15	62849453	62849953
chr15	62994967	62995467
chr15	63047954	63048454
chr15	63051394	63051894
chr15	63121555	63122055
chr15	63157262	63157762
chr15	63177155	63177655
chr15	63218396	63218896
chr15	63474263	63474763
chr15	63970003	63970503
chr15	64019653	64020153
chr15	64430019	64430519
chr15	64490685	64491185
chr15	64521808	64522308
chr15	64530554	64531054
chr15	64835615	64836115
chr15	64903512	64904012
chr15	65870377	65870877
chr15	66497537	66498037
chr15	66505081	66505581
chr15	67048621	67049121
chr15	67065457	67065957
chr15	67106872	67107372
chr15	67150458	67150958
chr15	67253985	67254485
chr15	68025986	68026486
chr15	68277466	68277966
chr15	68821974	68822474
chr15	69290581	69291081
chr15	69424208	69424708
chr15	69452512	69453012
chr15	69555414	69555914
chr15	70181636	70182136
chr15	70507699	70508199
chr15	70704115	70704615
chr15	70768103	70768603
chr15	70892295	70892795
chr15	72231590	72232090
chr15	72375808	72376308
chr15	72474022	72474522
chr15	74460925	74461425
chr15	75054541	75055041
chr15	77024197	77024697
chr15	77067350	77067850
chr15	77497063	77497563
chr15	78063132	78063632
chr15	78077022	78077522
chr15	78540166	78540666
chr15	79836677	79837177
chr15	79874176	79874676
chr15	80989143	80989643
chr15	81765565	81766065
chr15	82262348	82262848
chr15	82663070	82663570
chr15	82809269	82809769
chr15	84716226	84716726
chr15	85346603	85347103
chr15	85443673	85444173
chr15	85668052	85668552
chr15	89756874	89757374
chr15	90034422	90034922
chr15	90124532	90125032
chr15	90149277	90149777
chr15	90401473	90401973
chr15	90412738	90413238
chr15	90479531	90480031
chr15	90717020	90717520
chr15	90902400	90902900
chr15	90994489	90994989
chr15	94231178	94231678
chr15	96171050	96171550
chr15	97993172	97993672
chr15	99565386	99565886
chr15	99708582	99709082
chr15	100341847	100342347
chr15	100712899	100713399
chr15	100713409	100713909
chr15	100759698	100760198
chr16	10800	11300
chr16	278860	279360
chr16	327138	327638
chr16	425103	425603
chr16	579059	579559
chr16	695570	696070
chr16	1089670	1090170
chr16	1493074	1493574
chr16	2223203	2223703
chr16	2682270	2682770
chr16	2799776	2800276
chr16	2868280	2868780
chr16	3003748	3004248
chr16	3004749	3005249
chr16	3152668	3153168
chr16	4182992	4183492
chr16	4253812	4254312
chr16	4299029	4299529
chr16	4476740	4477240
chr16	4653901	4654401
chr16	4654512	4655012
chr16	4768499	4768999
chr16	4802028	4802528
chr16	4944832	4945332
chr16	12024426	12024926
chr16	12036936	12037436
chr16	12611018	12611518
chr16	12612574	12613074
chr16	12613583	12614083
chr16	12679615	12680115
chr16	12763344	12763844
chr16	12803676	12804176
chr16	13957673	13958173
chr16	14050598	14051098
chr16	14285090	14285590
chr16	15642907	15643407
chr16	18800921	18801421
chr16	19393509	19394009
chr16	19429088	19429588
chr16	19542044	19542544
chr16	19754008	19754508
chr16	20741668	20742168
chr16	20746939	20747439
chr16	20806249	20806749
chr16	22368410	22368910
chr16	23503997	23504497
chr16	23557168	23557668
chr16	23678520	23679020
chr16	28822467	28822967
chr16	28846138	28846638
chr16	29290778	29291278
chr16	29765363	29765863
chr16	29821021	29821521
chr16	29943936	29944436
chr16	30052847	30053347
chr16	30409364	30409864
chr16	30429429	30429929
chr16	30634086	30634586
chr16	30697868	30698368
chr16	30814322	30814822
chr16	30839469	30839969
chr16	31451630	31452130
chr16	31458914	31459414
chr16	48229242	48229742
chr16	53087132	53087632
chr16	53373531	53374031
chr16	53609690	53610190
chr16	54927145	54927645
chr16	56657362	56657862
chr16	56729770	56730270
chr16	56949248	56949748
chr16	57808052	57808552
chr16	58267441	58267941
chr16	58734178	58734678
chr16	66408682	66409182
chr16	66516762	66517262
chr16	66725905	66726405
chr16	66830742	66831242
chr16	67241486	67241986
chr16	67262199	67262699
chr16	67268135	67268635
chr16	67417513	67418013
chr16	67561828	67562328
chr16	67562574	67563074
chr16	67716278	67716778
chr16	67936077	67936577
chr16	68756117	68756617
chr16	68802067	68802567
chr16	68930162	68930662
chr16	70299292	70299792
chr16	70346599	70347099
chr16	71565418	71565918
chr16	71711733	71712233
chr16	71981567	71982067
chr16	72832493	72832993
chr16	72983851	72984351
chr16	74480091	74480591
chr16	74991604	74992104
chr16	76195559	76196059
chr16	80986547	80987047
chr16	83958360	83958860
chr16	84062620	84063120
chr16	85674052	85674552
chr16	87100210	87100710
chr16	87806765	87807265
chr16	88558980	88559480
chr16	88688005	88688505
chr16	88737266	88737766
chr16	88770476	88770976
chr16	89687171	89687671
chr17	996415	996915
chr17	1390366	1390866
chr17	1456909	1457409
chr17	1589894	1590394
chr17	1716934	1717434
chr17	1787499	1787999
chr17	2054836	2055336
chr17	2123258	2123758
chr17	2711541	2712041
chr17	3667249	3667749
chr17	4731479	4731979
chr17	5486075	5486575
chr17	7004740	7005240
chr17	7260960	7261460
chr17	7280497	7280997
chr17	7296240	7296740
chr17	7572444	7572944
chr17	7573023	7573523
chr17	7627678	7628178
chr17	7687325	7687825
chr17	7688039	7688539
chr17	7887483	7887983
chr17	8138813	8139313
chr17	8218056	8218556
chr17	8247780	8248280
chr17	8383343	8383843
chr17	8918781	8919281
chr17	12731140	12731640
chr17	12821078	12821578
chr17	15444627	15445127
chr17	15651536	15652036
chr17	15659653	15660153
chr17	16371683	16372183
chr17	16486385	16486885
chr17	17538524	17539024
chr17	17840023	17840523
chr17	17942801	17943301
chr17	17958044	17958544
chr17	17960563	17961063
chr17	19647257	19647757
chr17	19671885	19672385
chr17	27265197	27265697
chr17	28172928	28173428
chr17	28243201	28243701
chr17	28370200	28370700
chr17	28380525	28381025
chr17	28405939	28406439
chr17	28475147	28475647
chr17	28571372	28571872
chr17	28644985	28645485
chr17	28645490	28645990
chr17	28742964	28743464
chr17	28746907	28747407
chr17	28854769	28855269
chr17	29390049	29390549
chr17	29557353	29557853
chr17	29664853	29665353
chr17	29930022	29930522
chr17	30005615	30006115
chr17	30021590	30022090
chr17	30116542	30117042
chr17	30253346	30253846
chr17	30263255	30263755
chr17	30264001	30264501
chr17	31094689	31095189
chr17	31901549	31902049
chr17	32349843	32350343
chr17	32375443	32375943
chr17	32444204	32444704
chr17	32445052	32445552
chr17	34981814	34982314
chr17	35069312	35069812
chr17	35254302	35254802
chr17	35587083	35587583
chr17	35783397	35783897
chr17	35809703	35810203
chr17	35930548	35931048
chr17	35965461	35965961
chr17	36534672	36535172
chr17	36856113	36856613
chr17	36885292	36885792
chr17	36947860	36948360
chr17	37709791	37710291
chr17	37710339	37710839
chr17	37724992	37725492
chr17	37742620	37743120
chr17	38676978	38677478
chr17	38703630	38704130
chr17	38732528	38733028
chr17	38799763	38800263
chr17	38871404	38871904
chr17	39280948	39281448
chr17	39808590	39809090
chr17	40176509	40177009
chr17	40345453	40345953
chr17	41773141	41773641
chr17	42016339	42016839
chr17	42254927	42255427
chr17	42374473	42374973
chr17	42531806	42532306
chr17	42632849	42633349
chr17	43010751	43011251
chr17	43126169	43126669
chr17	43584715	43585215
chr17	43983749	43984249
chr17	44899435	44899935
chr17	45135258	45135758
chr17	45176128	45176628
chr17	45277242	45277742
chr17	45294492	45294992
chr17	45296680	45297180
chr17	45310669	45311169
chr17	46286582	46287082
chr17	47810336	47810836
chr17	47821505	47822005
chr17	47830829	47831329
chr17	47831386	47831886
chr17	47844195	47844695
chr17	47850939	47851439
chr17	47896643	47897143
chr17	47935969	47936469
chr17	47941190	47941690
chr17	47957612	47958112
chr17	48107262	48107762
chr17	48457187	48457687
chr17	48892866	48893366
chr17	49106731	49107231
chr17	49788286	49788786
chr17	50094162	50094662
chr17	50238559	50239059
chr17	50401375	50401875
chr17	50452578	50453078
chr17	50478646	50479146
chr17	50534189	50534689
chr17	50944523	50945023
chr17	51085354	51085854
chr17	55446630	55447130
chr17	55451242	55451742
chr17	56915725	56916225
chr17	57372072	57372572
chr17	58178503	58179003
chr17	58394472	58394972
chr17	58630986	58631486
chr17	59853134	59853634
chr17	59855582	59856082
chr17	60037050	60037550
chr17	61490625	61491125
chr17	61495014	61495514
chr17	61568484	61568984
chr17	62187724	62188224
chr17	62950044	62950544
chr17	64074253	64074753
chr17	64115780	64116280
chr17	66275553	66276053
chr17	66276496	66276996
chr17	66952003	66952503
chr17	72151389	72151889
chr17	72314422	72314922
chr17	74968361	74968861
chr17	75034265	75034765
chr17	75667035	75667535
chr17	75684178	75684678
chr17	75769622	75770122
chr17	75778598	75779098
chr17	75779139	75779639
chr17	76259134	76259634
chr17	76262468	76262968
chr17	76383199	76383699
chr17	76643642	76644142
chr17	76659801	76660301
chr17	76671560	76672060
chr17	76736237	76736737
chr17	77286588	77287088
chr17	77935280	77935780
chr17	78853918	78854418
chr17	78979694	78980194
chr17	79629423	79629923
chr17	79992228	79992728
chr17	81309094	81309594
chr17	81703103	81703603
chr17	81859281	81859781
chr17	81910100	81910600
chr17	82334998	82335498
chr17	82636544	82637044
chr18	323196	323696
chr18	323745	324245
chr18	490644	491144
chr18	592290	592790
chr18	712526	713026
chr18	3247233	3247733
chr18	3247767	3248267
chr18	3603886	3604386
chr18	8730334	8730834
chr18	9495855	9496355
chr18	21600684	21601184
chr18	21605145	21605645
chr18	22098563	22099063
chr18	22106433	22106933
chr18	22114326	22114826
chr18	22182762	22183262
chr18	22223610	22224110
chr18	22493282	22493782
chr18	22933525	22934025
chr18	23380118	23380618
chr18	23406181	23406681
chr18	23453708	23454208
chr18	23629315	23629815
chr18	31199339	31199839
chr18	34979024	34979524
chr18	36066840	36067340
chr18	41396065	41396565
chr18	46084342	46084842
chr18	46793481	46793981
chr18	48488462	48488962
chr18	48814068	48814568
chr18	48915825	48916325
chr18	50374171	50374671
chr18	51273544	51274044
chr18	54158377	54158877
chr18	54235821	54236321
chr18	57706236	57706736
chr18	58789259	58789759
chr18	58942483	58942983
chr18	62187019	62187519
chr18	70280480	70280980
chr18	70286275	70286775
chr18	70422027	70422527
chr18	71529677	71530177
chr18	79992835	79993335
chr18	80223321	80223821
chr19	461745	462245
chr19	752565	753065
chr19	782432	782932
chr19	954945	955445
chr19	1021004	1021504
chr19	1075313	1075813
chr19	1241509	1242009
chr19	1253131	1253631
chr19	1383085	1383585
chr19	1438093	1438593
chr19	1470026	1470526
chr19	1470570	1471070
chr19	1490504	1491004
chr19	1675699	1676199
chr19	3721403	3721903
chr19	5790932	5791432
chr19	5967908	5968408
chr19	10543617	10544117
chr19	10625205	10625705
chr19	11344209	11344709
chr19	11559040	11559540
chr19	11964720	11965220
chr19	12890705	12891205
chr19	14217292	14217792
chr19	15072910	15073410
chr19	15934686	15935186
chr19	16185057	16185557
chr19	16496068	16496568
chr19	17719621	17720121
chr19	19034233	19034733
chr19	19225097	19225597
chr19	19406867	19407367
chr19	19488495	19488995
chr19	23403589	23404089
chr19	24086881	24087381
chr19	32581687	32582187
chr19	32694242	32694742
chr19	32701972	32702472
chr19	33032330	33032830
chr19	33080987	33081487
chr19	34181426	34181926
chr19	34459542	34460042
chr19	34501464	34501964
chr19	34734299	34734799
chr19	34920089	34920589
chr19	35145046	35145546
chr19	35458704	35459204
chr19	35740412	35740912
chr19	35879663	35880163
chr19	35931360	35931860
chr19	36054161	36054661
chr19	36169298	36169798
chr19	37779391	37779891
chr19	38300825	38301325
chr19	38543902	38544402
chr19	38636726	38637226
chr19	38652128	38652628
chr19	38661253	38661753
chr19	38683599	38684099
chr19	38784235	38784735
chr19	38849244	38849744
chr19	38899493	38899993
chr19	38962154	38962654
chr19	39154524	39155024
chr19	39237676	39238176
chr19	41859508	41860008
chr19	44741864	44742364
chr19	44747348	44747848
chr19	45404085	45404585
chr19	45455634	45456134
chr19	46660710	46661210
chr19	46903422	46903922
chr19	47048460	47048960
chr19	47428131	47428631
chr19	47600296	47600796
chr19	48190324	48190824
chr19	48260048	48260548
chr19	48543171	48543671
chr19	48619001	48619501
chr19	48619534	48620034
chr19	48795268	48795768
chr19	48900004	48900504
chr19	48954612	48955112
chr19	48993134	48993634
chr19	49085003	49085503
chr19	49503072	49503572
chr19	49553371	49553871
chr19	49665367	49665867
chr19	50147845	50148345
chr19	51350465	51350965
chr19	51960420	51960920
chr19	52527325	52527825
chr19	52638178	52638678
chr19	52690358	52690858
chr19	52734806	52735306
chr19	53431637	53432137
chr19	53773109	53773609
chr19	53842081	53842581
chr19	53980886	53981386
chr19	54469430	54469930
chr19	55032307	55032807
chr19	55069264	55069764
chr19	55207060	55207560
chr19	55216340	55216840
chr19	55216845	55217345
chr19	55279994	55280494
chr19	55338646	55339146
chr19	55339432	55339932
chr19	55407938	55408438
chr19	55634750	55635250
chr19	55643233	55643733
chr19	55674849	55675349
chr19	55683851	55684351
chr19	56314398	56314898
chr19	57099071	57099571
chr19	57487467	57487967
chr19	57578712	57579212
chr19	57681694	57682194
chr19	57887422	57887922
chr19	58327340	58327840
chr19	58475814	58476314
chr19	58499195	58499695
chr19	58507335	58507835
chr2	3585477	3585977
chr2	10120086	10120586
chr2	17646182	17646682
chr2	19569315	19569815
chr2	24792790	24793290
chr2	25950982	25951482
chr2	26345764	26346264
chr2	26961656	26962156
chr2	27071510	27072010
chr2	27081142	27081642
chr2	27211744	27212244
chr2	27292991	27293491
chr2	28269017	28269517
chr2	28865243	28865743
chr2	32165499	32165999
chr2	32356739	32357239
chr2	32721345	32721845
chr2	33475575	33476075
chr2	33476279	33476779
chr2	38383708	38384208
chr2	41859545	41860045
chr2	44044160	44044660
chr2	44291542	44292042
chr2	46336038	46336538
chr2	46541673	46542173
chr2	47069404	47069904
chr2	47906428	47906928
chr2	53786619	53787119
chr2	55232079	55232579
chr2	55281978	55282478
chr2	62536572	62537072
chr2	63862750	63863250
chr2	64273405	64273905
chr2	64323142	64323642
chr2	65382584	65383084
chr2	68429217	68429717
chr2	68440469	68440969
chr2	68829139	68829639
chr2	69624889	69625389
chr2	69741453	69741953
chr2	69779219	69779719
chr2	70190217	70190717
chr2	70328818	70329318
chr2	70994645	70995145
chr2	71068309	71068809
chr2	71226619	71227119
chr2	71227187	71227687
chr2	72757178	72757678
chr2	72825798	72826298
chr2	72827873	72828373
chr2	73737180	73737680
chr2	73779907	73780407
chr2	74472103	74472603
chr2	74508091	74508591
chr2	74845342	74845842
chr2	75646465	75646965
chr2	75773142	75773642
chr2	84925719	84926219
chr2	84989767	84990267
chr2	85445876	85446376
chr2	85584963	85585463
chr2	85954838	85955338
chr2	86214120	86214620
chr2	86671591	86672091
chr2	88015860	88016360
chr2	88016557	88017057
chr2	88666495	88666995
chr2	96208629	96209129
chr2	96342022	96342522
chr2	98608336	98608836
chr2	98766692	98767192
chr2	99065993	99066493
chr2	99141088	99141588
chr2	99182954	99183454
chr2	100106749	100107249
chr2	100718237	100718737
chr2	100884178	100884678
chr2	101110353	101110853
chr2	102664344	102664844
chr2	110106098	110106598
chr2	112726618	112727118
chr2	112868774	112869274
chr2	112869483	112869983
chr2	113012759	113013259
chr2	113046477	113046977
chr2	113068556	113069056
chr2	113077864	113078364
chr2	113117465	113117965
chr2	113157016	113157516
chr2	113818280	113818780
chr2	118085634	118086134
chr2	118088179	118088679
chr2	118112768	118113268
chr2	127100372	127100872
chr2	127543069	127543569
chr2	135004171	135004671
chr2	135115385	135115885
chr2	135803241	135803741
chr2	135844559	135845059
chr2	137975456	137975956
chr2	138501492	138501992
chr2	143708605	143709105
chr2	144464713	144465213
chr2	149070633	149071133
chr2	152200480	152200980
chr2	152369182	152369682
chr2	153812624	153813124
chr2	159045160	159045660
chr2	162073871	162074371
chr2	168350219	168350719
chr2	170714389	170714889
chr2	170715076	170715576
chr2	170816991	170817491
chr2	171346339	171346839
chr2	171999591	172000091
chr2	172172390	172172890
chr2	172461954	172462454
chr2	176392832	176393332
chr2	177148848	177149348
chr2	177264932	177265432
chr2	179446725	179447225
chr2	181785698	181786198
chr2	181899990	181900490
chr2	183056833	183057333
chr2	186544282	186544782
chr2	188280836	188281336
chr2	189465417	189465917
chr2	189555209	189555709
chr2	189635288	189635788
chr2	189638926	189639426
chr2	190319646	190320146
chr2	191013626	191014126
chr2	191247651	191248151
chr2	191251241	191251741
chr2	196170897	196171397
chr2	196232926	196233426
chr2	196259759	196260259
chr2	196268009	196268509
chr2	196853432	196853932
chr2	196926510	196927010
chr2	199955322	199955822
chr2	200373995	200374495
chr2	200525812	200526312
chr2	200592375	200592875
chr2	200748003	200748503
chr2	200812329	200812829
chr2	201157999	201158499
chr2	201182809	201183309
chr2	201219899	201220399
chr2	202408281	202408781
chr2	204083277	204083777
chr2	204545166	204545666
chr2	206211721	206212221
chr2	207269670	207270170
chr2	207677013	207677513
chr2	209368919	209369419
chr2	216645270	216645770
chr2	218322697	218323197
chr2	218658505	218659005
chr2	219049182	219049682
chr2	219058862	219059362
chr2	219111595	219112095
chr2	219113414	219113914
chr2	219122033	219122533
chr2	219124751	219125251
chr2	219127068	219127568
chr2	219159770	219160270
chr2	219217769	219218269
chr2	219467564	219468064
chr2	219509621	219510121
chr2	219530073	219530573
chr2	222318098	222318598
chr2	222795883	222796383
chr2	224485235	224485735
chr2	225328114	225328614
chr2	225471374	225471874
chr2	227406017	227406517
chr2	227466163	227466663
chr2	227818380	227818880
chr2	230257005	230257505
chr2	230411428	230411928
chr2	231052787	231053287
chr2	231530237	231530737
chr2	232778731	232779231
chr2	233280244	233280744
chr2	233410197	233410697
chr2	233422288	233422788
chr2	233566482	233566982
chr2	233691213	233691713
chr2	233700090	233700590
chr2	233702233	233702733
chr2	233711340	233711840
chr2	234422116	234422616
chr2	234463877	234464377
chr2	237509826	237510326
chr2	237594965	237595465
chr2	237860979	237861479
chr2	241279744	241280244
chr20	370232	370732
chr20	700000	700500
chr20	842179	842679
chr20	1328982	1329482
chr20	1776779	1777279
chr20	5119229	5119729
chr20	5126413	5126913
chr20	5750075	5750575
chr20	8066613	8067113
chr20	8073052	8073552
chr20	9075635	9076135
chr20	10482832	10483332
chr20	10664587	10665087
chr20	10861537	10862037
chr20	13638746	13639246
chr20	17569113	17569613
chr20	17682247	17682747
chr20	17875224	17875724
chr20	18636316	18636816
chr20	20014766	20015266
chr20	20134880	20135380
chr20	21303046	21303546
chr20	23756811	23757311
chr20	25309763	25310263
chr20	32285599	32286099
chr20	32582883	32583383
chr20	32752331	32752831
chr20	33724397	33724897
chr20	34045132	34045632
chr20	34083042	34083542
chr20	35318463	35318963
chr20	36085698	36086198
chr20	36467624	36468124
chr20	36606449	36606949
chr20	36736700	36737200
chr20	37178815	37179315
chr20	38338806	38339306
chr20	38435115	38435615
chr20	38472554	38473054
chr20	38926002	38926502
chr20	38962043	38962543
chr20	41048626	41049126
chr20	41087011	41087511
chr20	41475864	41476364
chr20	44311056	44311556
chr20	44966216	44966716
chr20	45254406	45254906
chr20	45293680	45294180
chr20	45342239	45342739
chr20	45343303	45343803
chr20	45415777	45416277
chr20	45771112	45771612
chr20	45891074	45891574
chr20	45910548	45911048
chr20	45971591	45972091
chr20	47455233	47455733
chr20	48957431	48957931
chr20	49188234	49188734
chr20	49277940	49278440
chr20	50110479	50110979
chr20	50689768	50690268
chr20	51563687	51564187
chr20	51736140	51736640
chr20	51797727	51798227
chr20	51800076	51800576
chr20	51803054	51803554
chr20	51917840	51918340
chr20	51934203	51934703
chr20	56468305	56468805
chr20	56550525	56551025
chr20	56604564	56605064
chr20	58344455	58344955
chr20	59047985	59048485
chr20	62357006	62357506
chr20	62427421	62427921
chr20	62822694	62823194
chr20	62926207	62926707
chr20	62955801	62956301
chr20	63537667	63538167
chr20	63898744	63899244
chr21	14259672	14260172
chr21	14383063	14383563
chr21	17462437	17462937
chr21	17522930	17523430
chr21	17527302	17527802
chr21	17537295	17537795
chr21	28400720	28401220
chr21	29073487	29073987
chr21	31889016	31889516
chr21	32569441	32569941
chr21	33540689	33541189
chr21	33641515	33642015
chr21	33655609	33656109
chr21	36187953	36188453
chr21	36478131	36478631
chr21	37009883	37010383
chr21	38787471	38787971
chr21	38794117	38794617
chr21	39627458	39627958
chr21	41478239	41478739
chr21	42462544	42463044
chr21	42812365	42812865
chr21	43728484	43728984
chr21	44482566	44483066
chr21	44870369	44870869
chr22	19935094	19935594
chr22	20843444	20843944
chr22	21864350	21864850
chr22	24042829	24043329
chr22	24156848	24157348
chr22	24977680	24978180
chr22	25663684	25664184
chr22	28986120	28986620
chr22	29270733	29271233
chr22	29581716	29582216
chr22	29618174	29618674
chr22	30004730	30005230
chr22	30202605	30203105
chr22	30969437	30969937
chr22	31211928	31212428
chr22	31911662	31912162
chr22	32005381	32005881
chr22	32042714	32043214
chr22	36352050	36352550
chr22	36369985	36370485
chr22	36395866	36396366
chr22	37199833	37200333
chr22	37849144	37849644
chr22	37895078	37895578
chr22	38705405	38705905
chr22	38921073	38921573
chr22	39040942	39041442
chr22	39292587	39293087
chr22	39774035	39774535
chr22	40732620	40733120
chr22	41414300	41414800
chr22	42921928	42922428
chr22	42959674	42960174
chr22	45090484	45090984
chr22	45742856	45743356
chr22	46053554	46054054
chr22	46085629	46086129
chr22	46742741	46743241
chr22	46773707	46774207
chr22	50282379	50282879
chr3	5013136	5013636
chr3	9175464	9175964
chr3	9422609	9423109
chr3	9884438	9884938
chr3	9970350	9970850
chr3	10115384	10115884
chr3	10169382	10169882
chr3	10203846	10204346
chr3	14204878	14205378
chr3	14606480	14606980
chr3	14823044	14823544
chr3	15387178	15387678
chr3	17742527	17743027
chr3	23884414	23884914
chr3	30597167	30597667
chr3	30689153	30689653
chr3	30721070	30721570
chr3	31981015	31981515
chr3	32045189	32045689
chr3	32106998	32107498
chr3	32848117	32848617
chr3	33355482	33355982
chr3	33718010	33718510
chr3	33798162	33798662
chr3	36892958	36893458
chr3	37864866	37865366
chr3	37992627	37993127
chr3	38164870	38165370
chr3	38346524	38347024
chr3	39107403	39107903
chr3	41267968	41268468
chr3	41961274	41961774
chr3	43770730	43771230
chr3	44761419	44761919
chr3	44870338	44870838
chr3	45125504	45126004
chr3	45137844	45138344
chr3	45241214	45241714
chr3	45688743	45689243
chr3	45817471	45817971
chr3	45817981	45818481
chr3	46948573	46949073
chr3	47024865	47025365
chr3	47871305	47871805
chr3	47874887	47875387
chr3	48472646	48473146
chr3	49132784	49133284
chr3	49512874	49513374
chr3	49900701	49901201
chr3	50132977	50133477
chr3	50227395	50227895
chr3	50246116	50246616
chr3	50359326	50359826
chr3	50568903	50569403
chr3	51995769	51996269
chr3	52210626	52211126
chr3	53155607	53156107
chr3	53881983	53882483
chr3	54045392	54045892
chr3	55569174	55569674
chr3	55620702	55621202
chr3	57597336	57597836
chr3	58175709	58176209
chr3	58217105	58217605
chr3	61627659	61628159
chr3	61634648	61635148
chr3	64030609	64031109
chr3	64188621	64189121
chr3	65953331	65953831
chr3	65971232	65971732
chr3	69299328	69299828
chr3	69306295	69306795
chr3	71688068	71688568
chr3	72938382	72938882
chr3	72953585	72954085
chr3	72973031	72973531
chr3	80733721	80734221
chr3	81344083	81344583
chr3	81734709	81735209
chr3	81744277	81744777
chr3	81760949	81761449
chr3	87069935	87070435
chr3	87196880	87197380
chr3	93979775	93980275
chr3	98657437	98657937
chr3	99817564	99818064
chr3	100260620	100261120
chr3	100602390	100602890
chr3	101827478	101827978
chr3	102079424	102079924
chr3	102195167	102195667
chr3	105415795	105416295
chr3	107522663	107523163
chr3	111071473	111071973
chr3	111735312	111735812
chr3	112074921	112075421
chr3	112376899	112377399
chr3	112647032	112647532
chr3	112991361	112991861
chr3	117618507	117619007
chr3	119463485	119463985
chr3	120095461	120095961
chr3	120098593	120099093
chr3	121896741	121897241
chr3	121943312	121943812
chr3	122443132	122443632
chr3	122443677	122444177
chr3	122564053	122564553
chr3	123584916	123585416
chr3	123585478	123585978
chr3	125055915	125056415
chr3	125063141	125063641
chr3	125164106	125164606
chr3	125512218	125512718
chr3	125595371	125595871
chr3	128663062	128663562
chr3	129184246	129184746
chr3	130893690	130894190
chr3	132722906	132723406
chr3	134374220	134374720
chr3	134768561	134769061
chr3	134769511	134770011
chr3	136626393	136626893
chr3	139343733	139344233
chr3	140035693	140036193
chr3	140952875	140953375
chr3	141455760	141456260
chr3	142613563	142614063
chr3	142619034	142619534
chr3	149277455	149277955
chr3	149300058	149300558
chr3	149339904	149340404
chr3	149377565	149378065
chr3	149382142	149382642
chr3	150300921	150301421
chr3	150314456	150314956
chr3	150319880	150320380
chr3	151304986	151305486
chr3	153138627	153139127
chr3	153161231	153161731
chr3	155131120	155131620
chr3	155165476	155165976
chr3	155806067	155806567
chr3	156142470	156142970
chr3	156673600	156674100
chr3	157122017	157122517
chr3	157499313	157499813
chr3	158722954	158723454
chr3	159824157	159824657
chr3	160667465	160667965
chr3	160676831	160677331
chr3	160796694	160797194
chr3	167977091	167977591
chr3	168003036	168003536
chr3	169669027	169669527
chr3	170233525	170234025
chr3	170334850	170335350
chr3	171470630	171471130
chr3	171741284	171741784
chr3	172039289	172039789
chr3	172096995	172097495
chr3	172129877	172130377
chr3	172140712	172141212
chr3	172710959	172711459
chr3	172749109	172749609
chr3	176733938	176734438
chr3	177197142	177197642
chr3	177431804	177432304
chr3	179036188	179036688
chr3	179132167	179132667
chr3	181382749	181383249
chr3	182714000	182714500
chr3	182739071	182739571
chr3	182760818	182761318
chr3	183106553	183107053
chr3	183306805	183307305
chr3	185249913	185250413
chr3	185537403	185537903
chr3	185558322	185558822
chr3	185558971	185559471
chr3	185940924	185941424
chr3	186915709	186916209
chr3	188037089	188037589
chr3	188170933	188171433
chr3	190201505	190202005
chr3	190344945	190345445
chr3	190384250	190384750
chr3	191328589	191329089
chr3	192917375	192917875
chr3	194101524	194102024
chr3	194235127	194235627
chr3	194522477	194522977
chr3	194579150	194579650
chr3	194583763	194584263
chr3	195352941	195353441
chr3	195543177	195543677
chr3	195908002	195908502
chr3	196287516	196288016
chr3	196503589	196504089
chr3	196792805	196793305
chr3	197297922	197298422
chr3	198080503	198081003
chr4	242141	242641
chr4	2008750	2009250
chr4	2241936	2242436
chr4	2843580	2844080
chr4	2860734	2861234
chr4	3167901	3168401
chr4	3174253	3174753
chr4	3267958	3268458
chr4	4248007	4248507
chr4	4347560	4348060
chr4	6673719	6674219
chr4	6927012	6927512
chr4	7941026	7941526
chr4	10018779	10019279
chr4	10612467	10612967
chr4	11428872	11429372
chr4	11505409	11505909
chr4	11732126	11732626
chr4	17577920	17578420
chr4	25814205	25814705
chr4	26127861	26128361
chr4	36235284	36235784
chr4	36244161	36244661
chr4	37422519	37423019
chr4	37648045	37648545
chr4	38671795	38672295
chr4	38728642	38729142
chr4	39042949	39043449
chr4	40395778	40396278
chr4	41359319	41359819
chr4	41506096	41506596
chr4	44448612	44449112
chr4	48032170	48032670
chr4	48080070	48080570
chr4	48375826	48376326
chr4	51943183	51943683
chr4	54050251	54050751
chr4	54066808	54067308
chr4	55733812	55734312
chr4	56049657	56050157
chr4	56435378	56435878
chr4	70197828	70198328
chr4	74157852	74158352
chr4	75673174	75673674
chr4	75848170	75848670
chr4	76007108	76007608
chr4	76016183	76016683
chr4	76526519	76527019
chr4	76665071	76665571
chr4	76923991	76924491
chr4	77012595	77013095
chr4	77880641	77881141
chr4	78560513	78561013
chr4	78567704	78568204
chr4	78691834	78692334
chr4	81109506	81110006
chr4	82430242	82430742
chr4	83034832	83035332
chr4	83455674	83456174
chr4	83536044	83536544
chr4	83561296	83561796
chr4	84870395	84870895
chr4	86936015	86936515
chr4	86977678	86978178
chr4	87391045	87391545
chr4	87409359	87409859
chr4	87410110	87410610
chr4	87422549	87423049
chr4	87445912	87446412
chr4	87866029	87866529
chr4	88054892	88055392
chr4	88144908	88145408
chr4	88190092	88190592
chr4	88196691	88197191
chr4	88216348	88216848
chr4	88522778	88523278
chr4	94652886	94653386
chr4	98699439	98699939
chr4	99723489	99723989
chr4	99815652	99816152
chr4	100581248	100581748
chr4	101349362	101349862
chr4	101983711	101984211
chr4	105058051	105058551
chr4	105594637	105595137
chr4	105708477	105708977
chr4	109804128	109804628
chr4	112112991	112113491
chr4	112285628	112286128
chr4	112516320	112516820
chr4	112908237	112908737
chr4	114563983	114564483
chr4	119212301	119212801
chr4	121696820	121697320
chr4	122842942	122843442
chr4	124631701	124632201
chr4	125314606	125315106
chr4	125315136	125315636
chr4	128288320	128288820
chr4	128552828	128553328
chr4	128635096	128635596
chr4	128768441	128768941
chr4	138235620	138236120
chr4	138242188	138242688
chr4	139555110	139555610
chr4	140715615	140716115
chr4	141567308	141567808
chr4	143513134	143513634
chr4	143558806	143559306
chr4	145545912	145546412
chr4	148442325	148442825
chr4	153344374	153344874
chr4	153643355	153643855
chr4	158155629	158156129
chr4	158170477	158170977
chr4	158176038	158176538
chr4	158210027	158210527
chr4	158211270	158211770
chr4	158624833	158625333
chr4	158671801	158672301
chr4	168318531	168319031
chr4	168384779	168385279
chr4	168568993	168569493
chr4	176195364	176195864
chr4	183098901	183099401
chr4	183398616	183399116
chr4	183406982	183407482
chr4	183504359	183504859
chr4	184537478	184537978
chr4	184596593	184597093
chr4	184625623	184626123
chr4	184805485	184805985
chr4	186699240	186699740
chr5	430929	431429
chr5	1316178	1316678
chr5	14025842	14026342
chr5	34007897	34008397
chr5	36058676	36059176
chr5	36285741	36286241
chr5	36637916	36638416
chr5	36744526	36745026
chr5	37370925	37371425
chr5	38600142	38600642
chr5	38614926	38615426
chr5	38634964	38635464
chr5	38636570	38637070
chr5	38845545	38846045
chr5	38853981	38854481
chr5	38872053	38872553
chr5	39074781	39075281
chr5	42108398	42108898
chr5	42854843	42855343
chr5	43064715	43065215
chr5	43105621	43106121
chr5	43314609	43315109
chr5	43396780	43397280
chr5	44633041	44633541
chr5	52787656	52788156
chr5	52987262	52987762
chr5	52987796	52988296
chr5	53031702	53032202
chr5	55218877	55219377
chr5	55390483	55390983
chr5	55576134	55576634
chr5	56089292	56089792
chr5	56815152	56815652
chr5	58566607	58567107
chr5	61255198	61255698
chr5	65562945	65563445
chr5	65810992	65811492
chr5	65811839	65812339
chr5	65835096	65835596
chr5	65869688	65870188
chr5	66967787	66968287
chr5	67003854	67004354
chr5	67015645	67016145
chr5	67046298	67046798
chr5	68287927	68288427
chr5	69166769	69167269
chr5	69261152	69261652
chr5	69451959	69452459
chr5	69521049	69521549
chr5	69528034	69528534
chr5	72816283	72816783
chr5	73605111	73605611
chr5	74405138	74405638
chr5	74415759	74416259
chr5	74625923	74626423
chr5	74632181	74632681
chr5	74641081	74641581
chr5	74725122	74725622
chr5	74956992	74957492
chr5	75336861	75337361
chr5	75717281	75717781
chr5	90529453	90529953
chr5	91314193	91314693
chr5	95646510	95647010
chr5	96110264	96110764
chr5	96641905	96642405
chr5	96661891	96662391
chr5	96702392	96702892
chr5	96733926	96734426
chr5	96876022	96876522
chr5	97089307	97089807
chr5	97183496	97183996
chr5	102865772	102866272
chr5	109743130	109743630
chr5	119270866	119271366
chr5	119417919	119418419
chr5	122845320	122845820
chr5	123036680	123037180
chr5	124824728	124825228
chr5	126776734	126777234
chr5	126884217	126884717
chr5	132688741	132689241
chr5	132849222	132849722
chr5	134299565	134300065
chr5	134300086	134300586
chr5	134632629	134633129
chr5	134637129	134637629
chr5	138032861	138033361
chr5	138051811	138052311
chr5	138109572	138110072
chr5	138331677	138332177
chr5	138575553	138576053
chr5	138861782	138862282
chr5	139283040	139283540
chr5	139560944	139561444
chr5	140010982	140011482
chr5	140165597	140166097
chr5	140219511	140220011
chr5	140244393	140244893
chr5	140573990	140574490
chr5	140711083	140711583
chr5	141041052	141041552
chr5	141521126	141521626
chr5	141876120	141876620
chr5	142360488	142360988
chr5	143589196	143589696
chr5	143714250	143714750
chr5	145854618	145855118
chr5	146027758	146028258
chr5	146075684	146076184
chr5	146182496	146182996
chr5	147394288	147394788
chr5	149357661	149358161
chr5	150057698	150058198
chr5	150449524	150450024
chr5	150504192	150504692
chr5	151313437	151313937
chr5	151348750	151349250
chr5	154287046	154287546
chr5	154534776	154535276
chr5	159263028	159263528
chr5	163460229	163460729
chr5	163505328	163505828
chr5	168269978	168270478
chr5	168401789	168402289
chr5	170886200	170886700
chr5	172142768	172143268
chr5	172188609	172189109
chr5	172837600	172838100
chr5	172971508	172972008
chr5	173093490	173093990
chr5	173766329	173766829
chr5	173854460	173854960
chr5	173858548	173859048
chr5	173885295	173885795
chr5	176361574	176362074
chr5	176536383	176536883
chr5	177425366	177425866
chr5	179559386	179559886
chr5	179623540	179624040
chr5	179678381	179678881
chr5	179698575	179699075
chr5	179732426	179732926
chr5	179806732	179807232
chr5	179818885	179819385
chr5	180829156	180829656
chr5	180860932	180861432
chr5	181159193	181159693
chr6	2634387	2634887
chr6	2952499	2952999
chr6	3023710	3024210
chr6	3126354	3126854
chr6	3911816	3912316
chr6	3912987	3913487
chr6	4008195	4008695
chr6	4253587	4254087
chr6	4274312	4274812
chr6	7042969	7043469
chr6	7087205	7087705
chr6	7173907	7174407
chr6	7561307	7561807
chr6	8064257	8064757
chr6	8080356	8080856
chr6	8102340	8102840
chr6	10412748	10413248
chr6	10682521	10683021
chr6	10747416	10747916
chr6	11093502	11094002
chr6	11207108	11207608
chr6	11217105	11217605
chr6	11232455	11232955
chr6	11343764	11344264
chr6	11344297	11344797
chr6	11632202	11632702
chr6	11685335	11685835
chr6	11785380	11785880
chr6	11918445	11918945
chr6	12291815	12292315
chr6	12371486	12371986
chr6	13368121	13368621
chr6	13395145	13395645
chr6	13615020	13615520
chr6	16411583	16412083
chr6	16947491	16947991
chr6	17875965	17876465
chr6	18053505	18054005
chr6	18264328	18264828
chr6	18368678	18369178
chr6	20126700	20127200
chr6	24646714	24647214
chr6	25999247	25999747
chr6	26020593	26021093
chr6	26025318	26025818
chr6	26031997	26032497
chr6	26204263	26204763
chr6	26205827	26206327
chr6	26268889	26269389
chr6	26285382	26285882
chr6	27146707	27147207
chr6	27250948	27251448
chr6	27251688	27252188
chr6	27472228	27472728
chr6	27808338	27808838
chr6	27814674	27815174
chr6	28136600	28137100
chr6	28266864	28267364
chr6	28349674	28350174
chr6	28383214	28383714
chr6	28880932	28881432
chr6	28985363	28985863
chr6	29964809	29965309
chr6	29965991	29966491
chr6	30396771	30397271
chr6	30597248	30597748
chr6	30678901	30679401
chr6	30717323	30717823
chr6	30877665	30878165
chr6	30988380	30988880
chr6	31158196	31158696
chr6	31187752	31188252
chr6	31198015	31198515
chr6	31651800	31652300
chr6	31652432	31652932
chr6	31690249	31690749
chr6	31738212	31738712
chr6	31834347	31834847
chr6	32190079	32190579
chr6	32952966	32953466
chr6	33197375	33197875
chr6	33199891	33200391
chr6	33249214	33249714
chr6	34536534	34537034
chr6	34546598	34547098
chr6	34745714	34746214
chr6	36617031	36617531
chr6	36885601	36886101
chr6	37110082	37110582
chr6	37791295	37791795
chr6	38797295	38797795
chr6	40997223	40997723
chr6	41039248	41039748
chr6	41767085	41767585
chr6	41780971	41781471
chr6	42137092	42137592
chr6	42226524	42227024
chr6	43181926	43182426
chr6	43477280	43477780
chr6	43524400	43524900
chr6	43635544	43636044
chr6	43699527	43700027
chr6	43798760	43799260
chr6	43926922	43927422
chr6	44234769	44235269
chr6	44247619	44248119
chr6	46734198	46734698
chr6	46848829	46849329
chr6	47047468	47047968
chr6	47188491	47188991
chr6	47238422	47238922
chr6	47309726	47310226
chr6	47477469	47477969
chr6	47525572	47526072
chr6	49522859	49523359
chr6	52664538	52665038
chr6	52670814	52671314
chr6	52995645	52996145
chr6	53547915	53548415
chr6	53651111	53651611
chr6	53651992	53652492
chr6	53714756	53715256
chr6	53734459	53734959
chr6	53794703	53795203
chr6	53796239	53796739
chr6	56440594	56441094
chr6	56542605	56543105
chr6	56555239	56555739
chr6	63487097	63487597
chr6	70399097	70399597
chr6	70411583	70412083
chr6	73462128	73462628
chr6	73675414	73675914
chr6	75243563	75244063
chr6	79078307	79078807
chr6	79301270	79301770
chr6	79570086	79570586
chr6	79570698	79571198
chr6	79631010	79631510
chr6	83065581	83066081
chr6	83430917	83431417
chr6	85405226	85405726
chr6	89081672	89082172
chr6	89506853	89507353
chr6	96519973	96520473
chr6	96897645	96898145
chr6	100891062	100891562
chr6	105569656	105570156
chr6	105936894	105937394
chr6	106360306	106360806
chr6	106889638	106890138
chr6	107028033	107028533
chr6	108897285	108897785
chr6	109336569	109337069
chr6	109384068	109384568
chr6	109475586	109476086
chr6	111258964	111259464
chr6	111483497	111483997
chr6	111591311	111591811
chr6	111605588	111606088
chr6	111712336	111712836
chr6	112060510	112061010
chr6	113642971	113643471
chr6	117482233	117482733
chr6	118651365	118651865
chr6	118934269	118934769
chr6	119349538	119350038
chr6	125153475	125153975
chr6	125942930	125943430
chr6	127481641	127482141
chr6	128491867	128492367
chr6	128598463	128598963
chr6	129710103	129710603
chr6	132631197	132631697
chr6	132798917	132799417
chr6	132814062	132814562
chr6	134174690	134175190
chr6	134198007	134198507
chr6	134295892	134296392
chr6	135291683	135292183
chr6	136250207	136250707
chr6	136550253	136550753
chr6	137241675	137242175
chr6	138107292	138107792
chr6	138231232	138231732
chr6	138989036	138989536
chr6	142301736	142302236
chr6	142375237	142375737
chr6	142377157	142377657
chr6	142946202	142946702
chr6	143450619	143451119
chr6	143457857	143458357
chr6	144252535	144253035
chr6	145866478	145866978
chr6	149648359	149648859
chr6	149855678	149856178
chr6	150713955	150714455
chr6	150882049	150882549
chr6	154387349	154387849
chr6	154569477	154569977
chr6	158040348	158040848
chr6	158220801	158221301
chr6	158707031	158707531
chr6	158869650	158870150
chr6	159807335	159807835
chr6	168342659	168343159
chr6	169800635	169801135
chr7	979366	979866
chr7	3203518	3204018
chr7	4973772	4974272
chr7	5418962	5419462
chr7	5423735	5424235
chr7	5513575	5514075
chr7	5529532	5530032
chr7	6268283	6268783
chr7	6504286	6504786
chr7	6578431	6578931
chr7	7581328	7581828
chr7	7642058	7642558
chr7	8261636	8262136
chr7	12687230	12687730
chr7	12801151	12801651
chr7	12801923	12802423
chr7	16646106	16646606
chr7	17298272	17298772
chr7	20296426	20296926
chr7	20737922	20738422
chr7	21617000	21617500
chr7	21945644	21946144
chr7	23076359	23076859
chr7	23105470	23105970
chr7	23273056	23273556
chr7	24979996	24980496
chr7	27160900	27161400
chr7	27210251	27210751
chr7	27235479	27235979
chr7	27346930	27347430
chr7	27361324	27361824
chr7	27424211	27424711
chr7	27662749	27663249
chr7	27739838	27740338
chr7	27740579	27741079
chr7	27784257	27784757
chr7	29270579	29271079
chr7	29443507	29444007
chr7	29685278	29685778
chr7	30284180	30284680
chr7	30593917	30594417
chr7	30594584	30595084
chr7	30671770	30672270
chr7	35003690	35004190
chr7	35035085	35035585
chr7	35762762	35763262
chr7	35785318	35785818
chr7	36291372	36291872
chr7	37031861	37032361
chr7	39073344	39073844
chr7	39623268	39623768
chr7	40019583	40020083
chr7	43583269	43583769
chr7	43674451	43674951
chr7	44634283	44634783
chr7	44848046	44848546
chr7	44885397	44885897
chr7	44999702	45000202
chr7	45874695	45875195
chr7	45978046	45978546
chr7	47485482	47485982
chr7	51263472	51263972
chr7	51340361	51340861
chr7	51344306	51344806
chr7	51366944	51367444
chr7	51376433	51376933
chr7	51606808	51607308
chr7	51647797	51648297
chr7	55181193	55181693
chr7	64999323	64999823
chr7	67179065	67179565
chr7	73715551	73716051
chr7	73742759	73743259
chr7	73822408	73822908
chr7	73828054	73828554
chr7	73830696	73831196
chr7	73833226	73833726
chr7	73851443	73851943
chr7	76423052	76423552
chr7	77563190	77563690
chr7	77696131	77696631
chr7	80877009	80877509
chr7	85025172	85025672
chr7	87219598	87220098
chr7	87375722	87376222
chr7	87876113	87876613
chr7	92178773	92179273
chr7	92279731	92280231
chr7	92336632	92337132
chr7	93914412	93914912
chr7	94004121	94004621
chr7	94511754	94512254
chr7	94517736	94518236
chr7	94594822	94595322
chr7	94620632	94621132
chr7	98034343	98034843
chr7	98321404	98321904
chr7	98387753	98388253
chr7	99210229	99210729
chr7	99408445	99408945
chr7	99438521	99439021
chr7	99504680	99505180
chr7	99616106	99616606
chr7	99713979	99714479
chr7	100081671	100082171
chr7	100119359	100119859
chr7	100247298	100247798
chr7	100479181	100479681
chr7	100544979	100545479
chr7	100546058	100546558
chr7	100584748	100585248
chr7	100874814	100875314
chr7	101017371	101017871
chr7	101085140	101085640
chr7	101085703	101086203
chr7	101138390	101138890
chr7	101856867	101857367
chr7	103406771	103407271
chr7	104207822	104208322
chr7	105210469	105210969
chr7	105934517	105935017
chr7	107890875	107891375
chr7	108235024	108235524
chr7	108340726	108341226
chr7	108529424	108529924
chr7	110677307	110677807
chr7	112362746	112363246
chr7	112700040	112700540
chr7	113087564	113088064
chr7	114086953	114087453
chr7	116210238	116210738
chr7	116211271	116211771
chr7	116218058	116218558
chr7	116317160	116317660
chr7	116426403	116426903
chr7	116772492	116772992
chr7	117480938	117481438
chr7	122652798	122653298
chr7	123534530	123535030
chr7	123557605	123558105
chr7	123643760	123644260
chr7	123709569	123710069
chr7	123797877	123798377
chr7	123818862	123819362
chr7	124992727	124993227
chr7	129958565	129959065
chr7	130070124	130070624
chr7	130205221	130205721
chr7	130940988	130941488
chr7	130982072	130982572
chr7	134435073	134435573
chr7	134646408	134646908
chr7	134886439	134886939
chr7	135098374	135098874
chr7	135170607	135171107
chr7	135936786	135937286
chr7	139447087	139447587
chr7	140059232	140059732
chr7	141130225	141130725
chr7	142813195	142813695
chr7	142833077	142833577
chr7	142838418	142838918
chr7	142909997	142910497
chr7	142957046	142957546
chr7	143046226	143046726
chr7	143125994	143126494
chr7	143288086	143288586
chr7	143305373	143305873
chr7	143380091	143380591
chr7	148940941	148941441
chr7	149624503	149625003
chr7	149837984	149838484
chr7	150322906	150323406
chr7	151027319	151027819
chr7	151039266	151039766
chr7	151087326	151087826
chr7	151125446	151125946
chr7	151240625	151241125
chr7	155224159	155224659
chr7	158704638	158705138
chr8	6338939	6339439
chr8	6574759	6575259
chr8	6864595	6865095
chr8	8270245	8270745
chr8	8288476	8288976
chr8	8441456	8441956
chr8	8461181	8461681
chr8	8782672	8783172
chr8	9074761	9075261
chr8	9079821	9080321
chr8	9082087	9082587
chr8	18067407	18067907
chr8	18073329	18073829
chr8	18919037	18919537
chr8	18922528	18923028
chr8	18923443	18923943
chr8	19000179	19000679
chr8	19291398	19291898
chr8	22244882	22245382
chr8	22318611	22319111
chr8	22604399	22604899
chr8	22743656	22744156
chr8	22918314	22918814
chr8	23022585	23023085
chr8	23068860	23069360
chr8	23246845	23247345
chr8	25458284	25458784
chr8	26204303	26204803
chr8	26572335	26572835
chr8	26620541	26621041
chr8	27362064	27362564
chr8	27459236	27459736
chr8	27490850	27491350
chr8	27617007	27617507
chr8	27872586	27873086
chr8	28505895	28506395
chr8	28780138	28780638
chr8	28858390	28858890
chr8	29056174	29056674
chr8	29225560	29226060
chr8	30020031	30020531
chr8	33424544	33425044
chr8	33484887	33485387
chr8	33578463	33578963
chr8	35872511	35873011
chr8	36665815	36666315
chr8	37863926	37864426
chr8	38105288	38105788
chr8	38268989	38269489
chr8	38793050	38793550
chr8	38929135	38929635
chr8	39001126	39001626
chr8	40349979	40350479
chr8	42843190	42843690
chr8	42909578	42910078
chr8	43050664	43051164
chr8	52629391	52629891
chr8	56291150	56291650
chr8	57804290	57804790
chr8	58169582	58170082
chr8	58453917	58454417
chr8	60282105	60282605
chr8	63168260	63168760
chr8	65634009	65634509
chr8	67068525	67069025
chr8	70666652	70667152
chr8	70668958	70669458
chr8	71356502	71357002
chr8	73184862	73185362
chr8	73312263	73312763
chr8	74267209	74267709
chr8	79852578	79853078
chr8	80999120	80999620
chr8	81075907	81076407
chr8	81573635	81574135
chr8	81694966	81695466
chr8	81720502	81721002
chr8	85220240	85220740
chr8	85245482	85245982
chr8	85264584	85265084
chr8	86002673	86003173
chr8	89882574	89883074
chr8	89901739	89902239
chr8	89984398	89984898
chr8	94949117	94949617
chr8	95062907	95063407
chr8	96132679	96133179
chr8	97774904	97775404
chr8	98297763	98298263
chr8	98944124	98944624
chr8	99013015	99013515
chr8	100238490	100238990
chr8	100667504	100668004
chr8	100746233	100746733
chr8	100781722	100782222
chr8	100900375	100900875
chr8	101051686	101052186
chr8	101087690	101088190
chr8	101205548	101206048
chr8	101327174	101327674
chr8	101375989	101376489
chr8	102806341	102806841
chr8	102807310	102807810
chr8	102810638	102811138
chr8	102811185	102811685
chr8	102920961	102921461
chr8	105090232	105090732
chr8	108148453	108148953
chr8	109334000	109334500
chr8	116766246	116766746
chr8	118877479	118877979
chr8	119054214	119054714
chr8	119148857	119149357
chr8	119179402	119179902
chr8	119916586	119917086
chr8	119982650	119983150
chr8	123644027	123644527
chr8	124440281	124440781
chr8	124635489	124635989
chr8	125091490	125091990
chr8	125125292	125125792
chr8	126433624	126434124
chr8	126609442	126609942
chr8	127018548	127019048
chr8	127330296	127330796
chr8	127735964	127736464
chr8	128271534	128272034
chr8	133118731	133119231
chr8	133564817	133565317
chr8	141338580	141339080
chr8	142613694	142614194
chr8	142718031	142718531
chr8	143578125	143578625
chr8	143596981	143597481
chr8	143597520	143598020
chr8	143733248	143733748
chr8	143739159	143739659
chr8	144233444	144233944
chr8	144428404	144428904
chr8	144464968	144465468
chr8	144878680	144879180
chr8	144901342	144901842
chr8	144901999	144902499
chr8	144950674	144951174
chr9	312537	313037
chr9	2570455	2570955
chr9	6268740	6269240
chr9	6590805	6591305
chr9	6779823	6780323
chr9	12684850	12685350
chr9	12776275	12776775
chr9	12816739	12817239
chr9	14212771	14213271
chr9	14235139	14235639
chr9	19161544	19162044
chr9	19198880	19199380
chr9	19202295	19202795
chr9	22084651	22085151
chr9	22103229	22103729
chr9	22108928	22109428
chr9	22389044	22389544
chr9	33211608	33212108
chr9	33229295	33229795
chr9	33816499	33816999
chr9	33865900	33866400
chr9	33940777	33941277
chr9	34049981	34050481
chr9	34186065	34186565
chr9	34376802	34377302
chr9	34989344	34989844
chr9	35026036	35026536
chr9	35071945	35072445
chr9	35237238	35237738
chr9	35665088	35665588
chr9	35731784	35732284
chr9	35745754	35746254
chr9	36053861	36054361
chr9	36118633	36119133
chr9	36286375	36286875
chr9	37963851	37964351
chr9	69120546	69121046
chr9	71742202	71742702
chr9	71776313	71776813
chr9	72478129	72478629
chr9	72560021	72560521
chr9	72577405	72577905
chr9	78296799	78297299
chr9	82367277	82367777
chr9	83980408	83980908
chr9	86948351	86948851
chr9	87502306	87502806
chr9	87569476	87569976
chr9	87569992	87570492
chr9	91838108	91838608
chr9	91994320	91994820
chr9	92293577	92294077
chr9	92768744	92769244
chr9	94278709	94279209
chr9	96777791	96778291
chr9	97237857	97238357
chr9	97632816	97633316
chr9	97696594	97697094
chr9	97697143	97697643
chr9	97792985	97793485
chr9	98071777	98072277
chr9	98072553	98073053
chr9	98192900	98193400
chr9	98781886	98782386
chr9	99819750	99820250
chr9	100587295	100587795
chr9	100598413	100598913
chr9	105318747	105319247
chr9	108991440	108991940
chr9	109013371	109013871
chr9	109035955	109036455
chr9	109037907	109038407
chr9	109065261	109065761
chr9	110206861	110207361
chr9	111601564	111602064
chr9	111896506	111897006
chr9	112170130	112170630
chr9	112378526	112379026
chr9	113455138	113455638
chr9	120766708	120767208
chr9	120775755	120776255
chr9	121185965	121186465
chr9	121286953	121287453
chr9	121322194	121322694
chr9	121372926	121373426
chr9	122828388	122828888
chr9	122931316	122931816
chr9	124569880	124570380
chr9	125296957	125297457
chr9	125515155	125515655
chr9	125523915	125524415
chr9	126939818	126940318
chr9	127066709	127067209
chr9	127067865	127068365
chr9	127734535	127735035
chr9	127969551	127970051
chr9	128072386	128072886
chr9	128078878	128079378
chr9	128322205	128322705
chr9	128558467	128558967
chr9	128635245	128635745
chr9	128771904	128772404
chr9	129052483	129052983
chr9	129139814	129140314
chr9	132354886	132355386
chr9	132977588	132978088
chr9	133030347	133030847
chr9	133460201	133460701
chr9	135085910	135086410
chr9	136282359	136282859
chr9	136797059	136797559
chr9	136849086	136849586
chr9	137070401	137070901
chr9	137188434	137188934
chr9	137200596	137201096
chr9	137422981	137423481
chrX	10003908	10004408
chrX	10156642	10157142
chrX	10582291	10582791
chrX	10615808	10616308
chrX	13734516	13735016
chrX	14029704	14030204
chrX	18867046	18867546
chrX	19889917	19890417
chrX	24672609	24673109
chrX	40735588	40736088
chrX	41621327	41621827
chrX	46777794	46778294
chrX	46778539	46779039
chrX	46792467	46792967
chrX	46836520	46837020
chrX	48597211	48597711
chrX	63434545	63435045
chrX	66162151	66162651
chrX	70220206	70220706
chrX	71095560	71096060
chrX	85003587	85004087
chrX	96684558	96685058
chrX	100614884	100615384
chrX	100874538	100875038
chrX	103656601	103657101
chrX	108036176	108036676
chrX	112851097	112851597
chrX	119481417	119481917
chrX	119871560	119872060
chrX	119943169	119943669
chrX	120549718	120550218
chrX	123648407	123648907
chrX	130330575	130331075
chrX	132217951	132218451
chrX	134948666	134949166
chrX	136496651	136497151
chrX	136909972	136910472
chrX	149539877	149540377
chrX	149719831	149720331
chrX	154541878	154542378
chrX	154547004	154547504
