,0,1,2,wt_count
0,chr1,966150,966650,3.3855531
1,chr1,1510910,1511385,4.1484337
2,chr1,1612008,1612508,2.770391
3,chr1,2195062,2195340,3.8745496
4,chr1,2275770,2276270,3.4197097
5,chr1,6359672,6360103,3.4596364
6,chr1,7702297,7702797,3.0320406
7,chr1,8090299,8090799,3.0540526
8,chr1,8097313,8097813,3.9768655
9,chr1,9061093,9061593,2.7986567
10,chr1,9893386,9893886,3.2385724
11,chr1,9901541,9902041,3.3119476
12,chr1,10427957,10428432,3.5047176
13,chr1,10980868,10981368,2.893417
14,chr1,15167959,15168459,3.1173606
15,chr1,15197028,15197148,3.5191064
16,chr1,15218954,15219454,3.1864166
17,chr1,15833286,15833740,3.4073842
18,chr1,15849252,15849749,4.387736
19,chr1,15953878,15954378,3.1333132
20,chr1,16182966,16183466,3.532248
21,chr1,16905271,16905771,3.5334902
22,chr1,18956521,18956961,4.7625537
23,chr1,20733522,20734022,3.06328
24,chr1,22075897,22076262,3.1489456
25,chr1,23691456,23691952,3.9597864
26,chr1,25239540,25239688,4.0619035
27,chr1,25239798,25240041,4.325468
28,chr1,25486738,25487238,3.0508666
29,chr1,25796490,25796990,3.728188
30,chr1,25818391,25818609,3.5712595
31,chr1,25821687,25822187,3.145449
32,chr1,25872074,25872494,3.3204145
33,chr1,27785735,27786235,3.2639003
34,chr1,28078084,28078584,2.9816813
35,chr1,28675751,28676251,2.8055658
36,chr1,28785071,28785571,3.236407
37,chr1,30088811,30089307,3.7406938
38,chr1,30841027,30841527,3.2353313
39,chr1,31259900,31260400,3.0963032
40,chr1,31811902,31812402,3.214815
41,chr1,31857812,31858312,2.8746376
42,chr1,32028752,32029252,3.061468
43,chr1,32761922,32762422,2.9793768
44,chr1,32830451,32830951,3.440499
45,chr1,33233814,33234314,2.9505532
46,chr1,33376948,33377310,3.378083
47,chr1,33379720,33380220,2.821278
48,chr1,33397135,33397635,3.1995363
49,chr1,33433456,33433956,3.0774248
50,chr1,33460208,33460708,3.3676894
51,chr1,33470586,33471086,3.703751
52,chr1,35882918,35883409,4.4910703
53,chr1,36240266,36240428,2.9410105
54,chr1,36239928,36240262,2.9646497
55,chr1,36306064,36306526,4.1724887
56,chr1,36306790,36307261,4.5049295
57,chr1,37621816,37622316,3.1816797
58,chr1,37911691,37912191,3.2010992
59,chr1,37930556,37931056,3.2346377
60,chr1,38858870,38859369,4.2974873
61,chr1,39086488,39086988,3.175898
62,chr1,39110317,39110817,3.0788188
63,chr1,39115680,39116180,2.832814
64,chr1,39142555,39143055,3.301175
65,chr1,39154631,39155131,3.2824638
66,chr1,39159166,39159666,3.2696602
67,chr1,39167802,39168302,2.9175248
68,chr1,39249064,39249564,2.9693236
69,chr1,39258595,39259095,3.0028353
70,chr1,39276062,39276562,3.490989
71,chr1,39537005,39537505,2.8095975
72,chr1,39895040,39895540,2.798816
73,chr1,39940978,39941478,3.3149538
74,chr1,39947151,39947651,3.1328816
75,chr1,40107596,40108096,3.3348174
76,chr1,40167588,40168088,3.1346486
77,chr1,40691341,40691463,4.5731206
78,chr1,42340080,42340476,3.691774
79,chr1,42891257,42891757,3.0222356
80,chr1,43269592,43270092,3.2763932
81,chr1,43282307,43282807,2.8022282
82,chr1,43305897,43306397,2.5737128
83,chr1,43366104,43366604,3.2773685
84,chr1,44294759,44295259,3.4606137
85,chr1,44328621,44329121,3.6936157
86,chr1,44693787,44694287,2.8940148
87,chr1,44730772,44730821,3.299694
88,chr1,44731135,44731272,3.6996288
89,chr1,44793537,44794037,3.099935
90,chr1,45481894,45482394,2.7166579
91,chr1,45640177,45640677,3.0843885
92,chr1,45643826,45644326,2.8430035
93,chr1,45667265,45667765,2.971486
94,chr1,45730428,45730885,2.8858259
95,chr1,46288523,46289023,3.2681038
96,chr1,46341966,46342466,2.9871106
97,chr1,46606223,46606723,3.0822484
98,chr1,46767608,46768108,3.3549173
99,chr1,48109540,48110040,3.530245
100,chr1,51235323,51235823,3.761714
101,chr1,51314280,51314780,3.2752972
102,chr1,51321227,51321727,2.878735
103,chr1,51411101,51411601,2.9492342
104,chr1,51493816,51494316,2.6764083
105,chr1,51600487,51600987,2.9693873
106,chr1,51740699,51741199,3.0185475
107,chr1,52947501,52948001,2.9080606
108,chr1,53185651,53186151,3.9537606
109,chr1,55089487,55089987,3.0943027
110,chr1,56688533,56689033,3.7375152
111,chr1,58584311,58584811,3.3913364
112,chr1,58628767,58629267,2.8745565
113,chr1,58762039,58762539,3.032667
114,chr1,59242401,59242901,3.0906506
115,chr1,61142714,61143212,3.6547284
116,chr1,61153638,61154138,2.9388578
117,chr1,61157079,61157579,2.9799376
118,chr1,62135671,62136171,3.2435887
119,chr1,63403346,63403846,3.1005173
120,chr1,64766439,64766939,3.3601165
121,chr1,65195510,65196010,3.3167226
122,chr1,68496911,68497330,4.6175075
123,chr1,84206190,84206690,2.8471107
124,chr1,84367206,84367706,2.8779955
125,chr1,84370874,84371374,3.5472608
126,chr1,84386990,84387490,3.2099888
127,chr1,84511207,84511707,3.0858269
128,chr1,84628936,84629436,3.2007933
129,chr1,84632877,84633377,3.0436382
130,chr1,84634493,84634993,2.9278173
131,chr1,84635266,84635766,3.0458739
132,chr1,85308095,85308556,3.941433
133,chr1,86833551,86834051,3.7419038
134,chr1,92994056,92994528,3.6199796
135,chr1,93147547,93148047,3.2568817
136,chr1,93275868,93276368,3.1821957
137,chr1,93844182,93844661,3.492679
138,chr1,94022422,94022922,3.0629563
139,chr1,94300120,94300620,3.0686104
140,chr1,94772131,94772631,3.2899141
141,chr1,94801959,94802419,3.234279
142,chr1,94898430,94898930,3.2950728
143,chr1,94912159,94912659,2.9019856
144,chr1,94919637,94920137,3.254052
145,chr1,95002560,95003060,3.2268648
146,chr1,95023617,95024117,3.0720935
147,chr1,95024474,95024974,2.8398058
148,chr1,97337590,97338090,3.3057356
149,chr1,100430356,100430856,2.9884949
150,chr1,109181314,109181742,3.3227468
151,chr1,109192182,109192682,2.984046
152,chr1,109218485,109218985,3.0487797
153,chr1,109548342,109548826,4.7396064
154,chr1,109573772,109574272,2.9589708
155,chr1,109786431,109786931,3.298985
156,chr1,110282080,110282580,2.954039
157,chr1,110388508,110389008,3.0509698
158,chr1,110390828,110391328,3.2544994
159,chr1,110394010,110394510,3.6275885
160,chr1,110436680,110437180,2.7964654
161,chr1,114505162,114505585,3.0059812
162,chr1,116396667,116397167,2.9885755
163,chr1,116514777,116515277,3.3251212
164,chr1,116568454,116568954,3.0137408
165,chr1,116619008,116619507,3.0461867
166,chr1,116710447,116710947,3.2664804
167,chr1,117826388,117826537,3.269092
168,chr1,119373451,119373951,3.336224
169,chr1,121483968,121484468,3.0096712
170,chr1,145936530,145937030,3.374962
171,chr1,146032461,146032961,3.1180289
172,chr1,149888277,149888278,4.8538857
173,chr1,149887778,149887864,4.759335
174,chr1,149888332,149888778,4.5732474
175,chr1,149899317,149899797,4.004373
176,chr1,150386516,150387016,2.8888373
177,chr1,150975960,150976460,2.9697518
178,chr1,151144691,151145191,2.799114
179,chr1,151172999,151173499,3.0272276
180,chr1,151399249,151399749,4.293544
181,chr1,151444610,151445110,2.7511828
182,chr1,151689390,151689890,2.7320557
183,chr1,151693038,151693538,3.3173325
184,chr1,151733031,151733531,2.9260395
185,chr1,151734961,151735461,3.443069
186,chr1,151795981,151796481,3.0164618
187,chr1,151804018,151804518,3.08615
188,chr1,151891803,151892303,2.7863312
189,chr1,153516435,153516935,2.8038905
190,chr1,153655214,153655714,2.919636
191,chr1,153733913,153734413,2.961483
192,chr1,153923416,153923830,4.5931168
193,chr1,154176308,154176808,3.0222654
194,chr1,154207204,154207704,3.0278714
195,chr1,154420160,154420660,3.2968767
196,chr1,154484250,154484750,3.4952726
197,chr1,154669619,154670119,3.0045874
198,chr1,155226841,155227340,4.213554
199,chr1,155255207,155255674,4.0352993
200,chr1,155329943,155330443,3.3451147
201,chr1,155763411,155763911,2.982852
202,chr1,155773139,155773639,3.050593
203,chr1,155819517,155820017,2.7559588
204,chr1,155980994,155981494,3.3126652
205,chr1,155993480,155993980,2.956916
206,chr1,156004940,156005440,2.746489
207,chr1,156090684,156091160,3.5710313
208,chr1,156342354,156342854,2.91806
209,chr1,156705920,156706391,4.399565
210,chr1,156796159,156796659,3.116477
211,chr1,160159804,160160304,2.9913988
212,chr1,160226135,160226635,2.9927227
213,chr1,160325268,160325768,3.1376317
214,chr1,160911581,160912081,3.2247477
215,chr1,160916204,160916704,2.9856403
216,chr1,160916866,160917366,3.169734
217,chr1,160949372,160949872,3.1008534
218,chr1,160951255,160951755,3.4091303
219,chr1,161138811,161139311,3.0518463
220,chr1,161351114,161351614,3.205973
221,chr1,161612460,161612761,4.5627494
222,chr1,162392056,162392556,3.1271048
223,chr1,162539076,162539576,3.0163877
224,chr1,162554226,162554726,2.7109072
225,chr1,162596462,162596962,3.0383587
226,chr1,162691070,162691570,3.4678862
227,chr1,162753416,162753916,2.8943696
228,chr1,165114312,165114795,3.0956755
229,chr1,165549889,165550389,2.9543693
230,chr1,165601596,165602096,3.1087637
231,chr1,167059094,167059202,3.853691
232,chr1,168082187,168082687,3.433666
233,chr1,169060760,169061260,3.1111255
234,chr1,169103836,169104336,3.0411742
235,chr1,169184896,169185396,2.8888187
236,chr1,169473067,169473567,3.3096383
237,chr1,169483882,169484382,3.7554579
238,chr1,173454849,173455349,2.7305148
239,chr1,173507073,173507573,3.563144
240,chr1,174159208,174159708,4.962067
241,chr1,174407545,174408045,2.6151655
242,chr1,179047502,179048002,3.1994412
243,chr1,179226686,179227186,2.9505568
244,chr1,179234493,179234993,3.4697838
245,chr1,181011419,181011919,3.1606104
246,chr1,181043308,181043808,2.9903567
247,chr1,181044480,181044980,2.984439
248,chr1,181084091,181084591,3.4380517
249,chr1,181095785,181096243,3.108131
250,chr1,181407131,181407631,3.421203
251,chr1,182682247,182682747,2.7466476
252,chr1,182754724,182755224,3.567936
253,chr1,182809467,182809967,3.1274252
254,chr1,182974746,182975246,3.2179124
255,chr1,182993589,182994089,3.1469538
256,chr1,183030059,183030559,3.143921
257,chr1,183034610,183035110,2.9355478
258,chr1,183074200,183074700,3.0374403
259,chr1,183093815,183094315,2.9189568
260,chr1,183892202,183892697,3.0612226
261,chr1,184215520,184216020,3.1774673
262,chr1,184326237,184326708,3.247003
263,chr1,184433889,184434389,2.9406219
264,chr1,186283359,186283859,2.9656718
265,chr1,192756871,192757371,3.0091386
266,chr1,193338032,193338532,3.134973
267,chr1,197868846,197869346,3.2178397
268,chr1,198156032,198156532,3.4938512
269,chr1,198438845,198439345,2.9346738
270,chr1,200376471,200376971,3.0266302
271,chr1,200416211,200416711,2.9538348
272,chr1,200488555,200489055,3.658965
273,chr1,201600592,201601092,3.1714315
274,chr1,201752173,201752673,2.8436956
275,chr1,201753401,201753901,2.8412273
276,chr1,201873924,201874424,3.0393085
277,chr1,202145304,202145804,3.0811121
278,chr1,203207676,203208176,2.9671845
279,chr1,204560302,204560802,3.3285766
280,chr1,204685346,204685846,4.084192
281,chr1,205141536,205142036,3.6987505
282,chr1,205711033,205711526,3.5559685
283,chr1,207032732,207033119,3.6582198
284,chr1,207049832,207050332,3.4547706
285,chr1,207084630,207085127,3.0167923
286,chr1,210321114,210321614,3.441491
287,chr1,211071190,211071690,2.7896934
288,chr1,211476258,211476758,3.337779
289,chr1,211602202,211602702,3.2139125
290,chr1,211917856,211918356,3.3237576
291,chr1,212289888,212290388,3.2020288
292,chr1,212316046,212316546,3.4024472
293,chr1,212833034,212833534,3.2465305
294,chr1,217534886,217535386,3.2686753
295,chr1,218809666,218810166,3.3816705
296,chr1,218827999,218828499,2.8805
297,chr1,219039252,219039752,3.0522225
298,chr1,224354500,224355000,3.423975
299,chr1,224431242,224431742,2.8803868
300,chr1,224482599,224483099,3.3059547
301,chr1,224652206,224652706,3.793868
302,chr1,224721093,224721593,3.0667403
303,chr1,224733232,224733732,3.7699122
304,chr1,224771295,224771795,3.0030808
305,chr1,225509272,225509772,3.492183
306,chr1,225763615,225764068,3.2492106
307,chr1,226029434,226029934,3.3678203
308,chr1,227396624,227397124,3.3524067
309,chr1,228044962,228045462,3.129535
310,chr1,229257925,229258395,3.209361
311,chr1,229453140,229453640,2.9944475
312,chr1,230382102,230382602,3.0558589
313,chr1,230968590,230969090,3.1307087
314,chr1,231046781,231047281,2.6286936
315,chr1,231337623,231337705,5.421042
316,chr1,233935427,233935927,3.4107575
317,chr1,233935949,233936449,2.9761941
318,chr1,234160885,234161385,2.8756006
319,chr1,234223011,234223511,3.0332808
320,chr1,234624663,234625163,3.1323752
321,chr1,234628170,234628670,3.4126616
322,chr1,245074170,245074670,3.0732305
323,chr1,246302888,246303388,2.8857698
324,chr1,246306626,246307126,3.080583
325,chr1,246492507,246493007,3.5565662
326,chr1,246501645,246502145,3.33701
327,chr1,246503136,246503636,3.2360134
328,chr1,246534061,246534561,2.990513
329,chr1,246569590,246570090,3.0541527
330,chr1,246827345,246827845,3.1145158
331,chr1,248837944,248838444,4.8881836
332,chr10,227213,227713,3.065319
333,chr10,3493551,3494051,4.059843
334,chr10,5746110,5746610,3.6245246
335,chr10,5813225,5813228,5.1365623
336,chr10,7311070,7311570,3.6513524
337,chr10,7340510,7341010,3.1206484
338,chr10,7908602,7909102,3.2358532
339,chr10,8159756,8160256,3.7872412
340,chr10,12629013,12629513,2.9289174
341,chr10,13099078,13099503,3.7965436
342,chr10,13586676,13587137,3.89123
343,chr10,14887295,14887795,3.0516105
344,chr10,17010358,17010858,2.8854597
345,chr10,17290153,17290653,3.5135689
346,chr10,28375651,28376143,3.2857966
347,chr10,28627135,28627635,2.8873994
348,chr10,29725012,29725512,3.3087554
349,chr10,29735693,29736193,4.8646913
350,chr10,31319279,31319307,4.587357
351,chr10,31999391,31999891,2.7961264
352,chr10,47378219,47378719,3.0832353
353,chr10,68796540,68797040,3.3259768
354,chr10,69439803,69440303,3.101377
355,chr10,69780015,69780515,3.4571147
356,chr10,71314203,71314703,3.607993
357,chr10,71838896,71839396,2.8930855
358,chr10,71853915,71854415,2.8109648
359,chr10,71888861,71889097,4.0624456
360,chr10,72083293,72083793,2.8299503
361,chr10,72354723,72355223,4.7751336
362,chr10,72460980,72461480,3.0870953
363,chr10,72802020,72802520,3.251763
364,chr10,72848411,72848911,2.8413403
365,chr10,72954817,72955317,3.318691
366,chr10,73218367,73218867,3.2127583
367,chr10,73577375,73577875,2.948181
368,chr10,73759126,73759626,3.1070943
369,chr10,73830460,73830960,2.9792008
370,chr10,73850842,73851342,3.0553472
371,chr10,73886025,73886520,3.331638
372,chr10,73957228,73957728,3.265921
373,chr10,74056299,74056799,3.2355387
374,chr10,75132060,75132560,2.9837377
375,chr10,78038094,78038594,3.321957
376,chr10,78212046,78212546,3.0204604
377,chr10,79507573,79508073,2.7600558
378,chr10,79585984,79586484,3.151972
379,chr10,79604994,79605494,3.2720008
380,chr10,79610492,79610992,3.1988728
381,chr10,79628087,79628587,2.8676658
382,chr10,79933932,79934432,3.0466979
383,chr10,93445581,93446061,3.2651916
384,chr10,95273424,95273924,3.6372702
385,chr10,95329850,95330350,3.5849876
386,chr10,97291798,97292225,4.160294
387,chr10,97447945,97448445,3.106264
388,chr10,97647398,97647898,2.8560483
389,chr10,97701352,97701805,3.168241
390,chr10,99930766,99931266,3.9004834
391,chr10,100334809,100335309,3.0106273
392,chr10,101814722,101815222,3.3841798
393,chr10,102135878,102136378,3.2264357
394,chr10,102208197,102208697,3.2806349
395,chr10,102267911,102268411,2.746272
396,chr10,102280423,102280923,2.9997437
397,chr10,102310796,102311296,2.891695
398,chr10,102563303,102563803,2.8608446
399,chr10,103369538,103370038,3.011469
400,chr10,103431903,103432403,3.128825
401,chr10,103760880,103761380,3.189993
402,chr10,104117539,104118039,3.345786
403,chr10,104254584,104255059,3.8526685
404,chr10,104348317,104348817,2.9517524
405,chr10,110609596,110610096,3.5525784
406,chr10,110641153,110641653,3.4427702
407,chr10,111137001,111137501,3.337577
408,chr10,112402568,112403068,2.8542998
409,chr10,113680243,113680743,3.732511
410,chr10,113735843,113736343,3.0703416
411,chr10,113927277,113927777,3.4077857
412,chr10,114788163,114788663,3.2870786
413,chr10,123013961,123014461,3.6223924
414,chr10,123043287,123043672,3.282569
415,chr10,124695904,124696404,3.1077447
416,chr10,125768044,125768544,3.4187582
417,chr10,127991240,127991740,4.066706
418,chr10,132980079,132980579,3.9248586
419,chr11,699850,700350,3.0560472
420,chr11,952197,952697,3.3022478
421,chr11,3807810,3808276,3.884382
422,chr11,3866163,3866663,3.343134
423,chr11,3971875,3972375,3.0448186
424,chr11,5204819,5205319,3.1037378
425,chr11,6597235,6597735,3.1039748
426,chr11,6604155,6604655,3.1796172
427,chr11,6926239,6926557,4.727093
428,chr11,8544788,8545288,2.9390538
429,chr11,8566304,8566804,3.392757
430,chr11,8604917,8605417,2.9231975
431,chr11,8729593,8730093,3.309032
432,chr11,8740350,8740850,2.8988016
433,chr11,8863726,8864226,3.197572
434,chr11,8988554,8989054,3.4398172
435,chr11,8989397,8989897,3.2973304
436,chr11,9037779,9038279,2.791805
437,chr11,9363256,9363756,3.1679091
438,chr11,9384348,9384804,4.138282
439,chr11,10669375,10669875,3.1390035
440,chr11,10818425,10818925,3.0452363
441,chr11,11832854,11833354,2.9647274
442,chr11,12581734,12582234,3.3853986
443,chr11,12598764,12599264,3.7881365
444,chr11,12599333,12599833,3.8322442
445,chr11,13211831,13212331,3.120228
446,chr11,13249325,13249825,3.189888
447,chr11,17025304,17025804,2.9084065
448,chr11,18325728,18326228,2.7865982
449,chr11,18762108,18762608,2.6598778
450,chr11,22749535,22750035,3.1583784
451,chr11,27392586,27393074,3.5806994
452,chr11,33775675,33776175,3.6001287
453,chr11,44581182,44581682,2.9725018
454,chr11,45965042,45965542,3.5560918
455,chr11,46308495,46308981,3.15205
456,chr11,47489596,47490096,3.14373
457,chr11,47523193,47523693,3.375431
458,chr11,47526942,47527442,2.7743998
459,chr11,57452661,57453161,3.2417755
460,chr11,57480245,57480745,3.382144
461,chr11,57501758,57502258,3.1666527
462,chr11,57641454,57641954,3.2143002
463,chr11,58787990,58788490,3.6797376
464,chr11,59208982,59209482,2.93887
465,chr11,59680462,59680962,3.1920106
466,chr11,59711930,59712430,2.6152487
467,chr11,59755084,59755342,4.4604306
468,chr11,59765021,59765521,2.8614125
469,chr11,59775385,59775885,2.901071
470,chr11,59779235,59779735,3.0355701
471,chr11,60830969,60831467,4.220667
472,chr11,61885270,61885770,2.9495158
473,chr11,62556088,62556550,3.6602652
474,chr11,62560510,62560858,3.611731
475,chr11,62599139,62599577,3.5324273
476,chr11,62719351,62719851,2.935251
477,chr11,63032309,63032809,3.174474
478,chr11,63262603,63263103,2.9636493
479,chr11,64096799,64097299,3.0492878
480,chr11,64270625,64271125,4.092167
481,chr11,64273284,64273783,2.9167776
482,chr11,65043817,65044233,3.4620643
483,chr11,65290409,65290909,3.305241
484,chr11,65455024,65455447,3.8162045
485,chr11,65653509,65654009,3.3481922
486,chr11,65720562,65721062,4.3426237
487,chr11,65810016,65810516,2.987179
488,chr11,65961411,65961796,4.9693985
489,chr11,66113050,66113550,3.7175314
490,chr11,66438586,66438689,3.683971
491,chr11,66749014,66749514,3.0975027
492,chr11,66834194,66834612,3.42886
493,chr11,67548576,67549004,3.3251116
494,chr11,67582491,67582881,3.0761998
495,chr11,69088582,69089082,3.6739771
496,chr11,70326224,70326724,3.4825692
497,chr11,71361716,71362216,3.4677908
498,chr11,71362312,71362812,3.3379147
499,chr11,72352774,72353274,2.9918416
500,chr11,72363141,72363641,3.7890992
501,chr11,72734134,72734634,2.6974502
502,chr11,73252825,73253325,2.7211442
503,chr11,73269701,73270201,3.017562
504,chr11,73662740,73663240,3.093786
505,chr11,73716575,73716587,3.1256294
506,chr11,74169851,74170351,3.4036386
507,chr11,74175875,74176375,3.04174
508,chr11,74179612,74180112,3.481778
509,chr11,74185678,74186178,3.0402122
510,chr11,74265386,74265886,2.7580616
511,chr11,74280433,74280933,3.1053417
512,chr11,74952572,74953072,2.7708502
513,chr11,78037077,78037577,3.0033774
514,chr11,78151317,78151817,3.0638497
515,chr11,86588437,86588937,3.0995884
516,chr11,86592229,86592729,3.2316978
517,chr11,86664876,86665376,3.0225527
518,chr11,86668862,86669362,3.2949588
519,chr11,86814810,86815310,3.0366995
520,chr11,86844728,86845228,2.8973627
521,chr11,89147167,89147643,3.0115223
522,chr11,93216685,93217185,3.404805
523,chr11,93784613,93785113,4.433201
524,chr11,95076460,95076882,2.9692497
525,chr11,100785303,100785803,3.0838428
526,chr11,102476770,102477251,3.0803602
527,chr11,106121522,106122022,3.492153
528,chr11,109999890,110000390,3.4658933
529,chr11,111291016,111291516,3.0523763
530,chr11,111302234,111302734,3.1693232
531,chr11,111307344,111307844,3.2139564
532,chr11,111309544,111310044,3.2596166
533,chr11,111807995,111808495,2.9583213
534,chr11,111922870,111923370,3.2192903
535,chr11,118084231,118084731,3.2577376
536,chr11,118319541,118320041,2.8722153
537,chr11,118749305,118749805,2.965603
538,chr11,118989538,118990038,3.0395737
539,chr11,120877628,120878128,3.2983534
540,chr11,121456087,121456587,2.983179
541,chr11,121464597,121465097,3.794619
542,chr11,124725094,124725594,3.0740776
543,chr11,125990291,125990791,3.1650336
544,chr11,126007308,126007808,3.3557565
545,chr11,126084482,126084982,3.4500608
546,chr11,126130280,126130780,3.0966885
547,chr11,126231632,126232132,3.530054
548,chr11,128954199,128954699,3.0930939
549,chr11,130003498,130003998,3.919958
550,chr12,219786,220286,3.4472232
551,chr12,640833,641333,3.0144207
552,chr12,2856981,2857481,2.8249888
553,chr12,2902415,2902915,3.15419
554,chr12,2921382,2921882,3.3364935
555,chr12,4571694,4572194,3.3797796
556,chr12,6332619,6333119,3.7183192
557,chr12,6360745,6361245,3.1915743
558,chr12,6471883,6472383,3.1233163
559,chr12,6493053,6493537,4.7087235
560,chr12,6765961,6766442,3.9840834
561,chr12,6904569,6905058,4.7910833
562,chr12,6988962,6989462,3.2290869
563,chr12,6995883,6996383,3.4317522
564,chr12,7092400,7092696,3.3853247
565,chr12,7125278,7125778,2.943416
566,chr12,8731274,8731774,2.8817093
567,chr12,8860406,8860906,3.1098983
568,chr12,9662433,9662933,3.1295323
569,chr12,9814127,9814606,3.0393724
570,chr12,10132236,10132736,3.3811705
571,chr12,10152883,10153383,3.5736716
572,chr12,10365140,10365324,3.5619054
573,chr12,12725746,12726004,4.540295
574,chr12,12779507,12779940,3.2547681
575,chr12,12792015,12792515,3.2547033
576,chr12,12916190,12916645,3.8175397
577,chr12,12983234,12983734,3.1623015
578,chr12,13086334,13086834,3.0330806
579,chr12,13390454,13390802,3.39212
580,chr12,14582797,14583297,2.8349898
581,chr12,14716733,14717233,3.1609454
582,chr12,14810507,14811007,3.1297102
583,chr12,16385935,16386435,3.8275511
584,chr12,20864138,20864638,2.959866
585,chr12,22408516,22409016,3.4491825
586,chr12,22415581,22416081,3.178632
587,chr12,22416676,22417176,3.0895085
588,chr12,31471835,31472335,3.0279205
589,chr12,31517865,31518365,3.022197
590,chr12,32692192,32692692,3.050062
591,chr12,40216818,40217318,2.8705585
592,chr12,41507375,41507875,3.3969781
593,chr12,42024105,42024597,3.6633935
594,chr12,42235472,42235972,2.8001268
595,chr12,43882492,43882992,2.8818471
596,chr12,45533967,45534467,3.2046483
597,chr12,45705179,45705679,3.2911
598,chr12,46446633,46447133,2.988739
599,chr12,47087945,47088445,3.093781
600,chr12,47095728,47096228,3.2700577
601,chr12,47189734,47190234,3.1705923
602,chr12,47264129,47264629,2.8663535
603,chr12,47754774,47755204,3.5056646
604,chr12,48150608,48151108,3.0599318
605,chr12,48786639,48787139,2.9571161
606,chr12,48887099,48887599,3.3291023
607,chr12,49009941,49010441,2.8902602
608,chr12,49095604,49096104,2.677881
609,chr12,49358605,49359085,3.305916
610,chr12,49471220,49471720,2.866383
611,chr12,49609066,49609566,2.9065669
612,chr12,49683830,49684330,2.8197548
613,chr12,49809527,49810027,2.9228616
614,chr12,50117194,50117694,2.653319
615,chr12,50151263,50151763,3.2043724
616,chr12,50411078,50411578,2.6728218
617,chr12,50619919,50620419,3.1267226
618,chr12,50763760,50764215,4.715543
619,chr12,51335845,51336345,2.8423734
620,chr12,51429989,51430489,3.284282
621,chr12,52074995,52075495,2.7426083
622,chr12,52213914,52213941,2.9175346
623,chr12,53061385,53061885,3.171641
624,chr12,53123465,53123965,3.2850854
625,chr12,53174794,53175294,3.0335317
626,chr12,53190054,53190317,3.3576183
627,chr12,53251009,53251509,2.9631162
628,chr12,53258551,53259051,2.81892
629,chr12,53455808,53456308,2.894141
630,chr12,53483729,53484229,3.2268898
631,chr12,53487390,53487890,2.8719366
632,chr12,53538368,53538529,3.3650582
633,chr12,53805651,53806151,3.0864787
634,chr12,53807244,53807744,3.4451845
635,chr12,54158635,54159135,3.2623544
636,chr12,55681056,55681556,3.1823575
637,chr12,55729496,55729996,4.0533147
638,chr12,55929983,55930483,3.0027304
639,chr12,56035572,56036072,2.859059
640,chr12,56086124,56086509,3.357043
641,chr12,56087124,56087617,3.1681373
642,chr12,56302370,56302870,3.4337273
643,chr12,56593808,56594308,3.3693807
644,chr12,57401033,57401533,2.885854
645,chr12,57837952,57838452,2.9226213
646,chr12,57840661,57841161,3.4906378
647,chr12,57886569,57887069,3.0139136
648,chr12,57905300,57905796,3.4469943
649,chr12,62673024,62673524,3.0068955
650,chr12,64392177,64392677,3.4418
651,chr12,64715691,64716191,3.0954573
652,chr12,64716255,64716755,3.2053907
653,chr12,64887053,64887553,3.1097612
654,chr12,68629980,68630480,2.9387908
655,chr12,69476388,69476888,3.1259608
656,chr12,69540476,69540976,3.0295577
657,chr12,69540997,69541497,2.9623518
658,chr12,70242593,70243093,4.037821
659,chr12,75184597,75185097,3.0449018
660,chr12,75560128,75560628,3.1841593
661,chr12,78314958,78315458,2.90385
662,chr12,79697839,79698339,2.7965906
663,chr12,79834117,79834617,3.1717303
664,chr12,79834696,79835196,3.3082867
665,chr12,91130863,91131363,3.1954231
666,chr12,93809813,93810313,3.0758324
667,chr12,93823485,93823985,2.8904815
668,chr12,93827601,93828101,2.9617753
669,chr12,93877408,93877908,2.817844
670,chr12,94135338,94135838,3.3901243
671,chr12,94152641,94153141,3.298001
672,chr12,94161360,94161860,3.0763316
673,chr12,94262199,94262699,3.4096823
674,chr12,94427718,94428218,3.363419
675,chr12,94445304,94445804,2.9197526
676,chr12,94644634,94645134,3.3530169
677,chr12,95802888,95803388,3.5499403
678,chr12,96021571,96022071,2.7008402
679,chr12,96516632,96517132,3.4008365
680,chr12,98595082,98595582,3.3655055
681,chr12,98656860,98657360,3.4797926
682,chr12,100295949,100296449,3.2221556
683,chr12,102051343,102051762,3.2522736
684,chr12,103929255,103929657,4.426006
685,chr12,104952765,104953265,3.502719
686,chr12,105020202,105020702,3.0199738
687,chr12,107078979,107079479,3.6149154
688,chr12,108102280,108102780,3.232262
689,chr12,108955248,108955748,3.2712862
690,chr12,108967724,108968224,3.2104928
691,chr12,109443741,109444241,3.3212383
692,chr12,109509857,109510357,3.3740265
693,chr12,109996130,109996613,4.025432
694,chr12,110002812,110003312,3.2969818
695,chr12,112141188,112141688,2.7558382
696,chr12,112239885,112240385,2.9702091
697,chr12,115683204,115683704,2.8527482
698,chr12,115696847,115697347,3.1139615
699,chr12,115697348,115697848,3.0994942
700,chr12,115719110,115719610,3.2931542
701,chr12,115753033,115753440,3.220839
702,chr12,116376280,116376780,3.1940386
703,chr12,116388952,116389452,3.1090803
704,chr12,118165026,118165526,3.2040966
705,chr12,118359118,118359618,3.3059645
706,chr12,119669743,119670243,3.199916
707,chr12,119711111,119711611,3.745985
708,chr12,120055542,120056042,3.0316381
709,chr12,120119452,120119952,3.1951926
710,chr12,120136171,120136671,3.2588432
711,chr12,120199955,120200455,3.9312298
712,chr12,120246669,120247169,2.6954877
713,chr12,120535033,120535533,3.9088788
714,chr12,120537799,120538299,3.1561759
715,chr12,120538754,120539254,3.4382524
716,chr12,120550198,120550572,3.4053483
717,chr12,120817506,120818006,3.0383263
718,chr12,120835608,120836108,2.9591372
719,chr12,121992165,121992665,4.039959
720,chr12,122106867,122107367,2.8521326
721,chr12,122825975,122826475,3.2901716
722,chr12,122841475,122841941,3.887511
723,chr12,122842212,122842712,3.1875935
724,chr12,122871947,122872441,3.2665613
725,chr12,122887200,122887700,3.5501678
726,chr12,124053827,124054327,3.458763
727,chr12,127165907,127166383,4.243113
728,chr12,131249619,131250119,3.128552
729,chr12,131250240,131250740,3.6546357
730,chr12,131408958,131409458,2.6693738
731,chr12,131463165,131463665,3.2238483
732,chr12,132144120,132144559,4.6927333
733,chr12,132561083,132561350,3.848164
734,chr13,20090227,20090727,2.7965581
735,chr13,20788989,20789489,3.4138741
736,chr13,22789271,22789771,3.6017668
737,chr13,23488571,23488861,3.472005
738,chr13,27309499,27309999,3.508705
739,chr13,32376991,32377491,2.9290354
740,chr13,33447064,33447216,3.015605
741,chr13,41417214,41417714,2.9541328
742,chr13,41561091,41561591,3.1766663
743,chr13,45132626,45133126,3.2371423
744,chr13,45910910,45911410,2.9043274
745,chr13,46213138,46213638,3.0688782
746,chr13,48210097,48210597,3.1854687
747,chr13,48602184,48602684,2.9814415
748,chr13,49859496,49859996,3.0420637
749,chr13,52785866,52786366,3.4456103
750,chr13,75478853,75479353,3.1110966
751,chr13,77883320,77883820,3.2329202
752,chr13,95246401,95246789,3.209277
753,chr13,97260655,97261155,3.0643072
754,chr13,100005180,100005680,2.823677
755,chr13,100513884,100514384,3.4304025
756,chr13,101497418,101497918,2.8994012
757,chr14,20219605,20220105,3.0277019
758,chr14,20597180,20597680,3.1017828
759,chr14,20663118,20663423,3.7262287
760,chr14,20711217,20711717,3.190783
761,chr14,20789387,20789887,3.0772088
762,chr14,21308142,21308587,3.3321319
763,chr14,21308706,21309168,3.3878214
764,chr14,21320696,21321196,3.0055225
765,chr14,21357821,21358321,3.1798086
766,chr14,21435847,21436347,3.0077755
767,chr14,22644024,22644524,2.903282
768,chr14,22872452,22872933,4.0894837
769,chr14,23114822,23115322,3.3781645
770,chr14,23115583,23116083,3.4130816
771,chr14,23640534,23641034,3.0295248
772,chr14,24013911,24014411,3.5937748
773,chr14,24213293,24213720,4.1667094
774,chr14,28751417,28751917,3.2267356
775,chr14,28924546,28925009,2.8935812
776,chr14,31307153,31307653,3.1166568
777,chr14,32201013,32201513,4.2025137
778,chr14,35047952,35048452,3.134255
779,chr14,35051620,35052120,3.008945
780,chr14,35933045,35933545,3.591103
781,chr14,36373871,36374371,3.623378
782,chr14,36451596,36452096,3.2650158
783,chr14,36548294,36548794,2.9788818
784,chr14,36585073,36585573,3.1588454
785,chr14,36856139,36856513,3.753544
786,chr14,37062355,37062855,3.0254896
787,chr14,39372656,39373156,3.1134763
788,chr14,45222954,45223454,2.869682
789,chr14,49961756,49962243,3.4521406
790,chr14,50678028,50678528,3.1753647
791,chr14,51004318,51004818,2.916309
792,chr14,53032175,53032675,3.1304817
793,chr14,55430052,55430552,3.2986042
794,chr14,55705877,55706377,3.0194902
795,chr14,55733999,55734499,2.997942
796,chr14,55756033,55756533,3.2747462
797,chr14,55834119,55834619,3.008813
798,chr14,56648804,56649304,3.1147053
799,chr14,56686177,56686677,2.810987
800,chr14,56755031,56755531,3.3143728
801,chr14,57295290,57295790,3.1919353
802,chr14,57441422,57441922,2.905723
803,chr14,58243720,58244220,3.5173967
804,chr14,61478026,61478526,2.8880558
805,chr14,61507684,61508184,3.0371578
806,chr14,61535242,61535742,3.222821
807,chr14,61616424,61616924,3.233022
808,chr14,61617038,61617538,2.957123
809,chr14,61637570,61638070,2.8028333
810,chr14,64504541,64505028,4.494267
811,chr14,64540385,64540680,4.8767457
812,chr14,64602813,64603248,3.0964537
813,chr14,64855632,64856132,3.1048903
814,chr14,65335183,65335683,3.331068
815,chr14,65336345,65336845,3.0746357
816,chr14,65356817,65357317,3.193973
817,chr14,65361899,65362399,2.9945867
818,chr14,66543703,66544203,2.9449072
819,chr14,67555426,67555926,2.888894
820,chr14,69457326,69457826,3.125254
821,chr14,69506138,69506638,3.518422
822,chr14,69518529,69519029,2.8595486
823,chr14,69519086,69519586,3.3009553
824,chr14,69663316,69663816,3.2160583
825,chr14,69696006,69696506,3.13909
826,chr14,70709958,70710458,3.0764868
827,chr14,71444590,71445090,3.0211759
828,chr14,71497573,71498073,3.1229362
829,chr14,71645555,71646055,2.9306114
830,chr14,72909057,72909557,3.1640368
831,chr14,73524493,73524993,2.9812577
832,chr14,73797489,73797989,3.2838864
833,chr14,74251451,74251951,3.457159
834,chr14,74480021,74480521,3.1912184
835,chr14,74846943,74847443,3.2167153
836,chr14,74891839,74892339,3.50679
837,chr14,74959681,74960181,3.4176118
838,chr14,75044334,75044834,2.8489232
839,chr14,75645126,75645626,2.784607
840,chr14,75646732,75647232,3.173473
841,chr14,75654057,75654548,3.6549163
842,chr14,75711989,75712489,3.3663125
843,chr14,76904887,76905309,3.5163832
844,chr14,76909139,76909639,3.1969018
845,chr14,81341331,81341831,3.3923237
846,chr14,88463263,88463653,3.1080587
847,chr14,88584334,88584834,2.7701406
848,chr14,88752915,88753415,2.754736
849,chr14,89249116,89249616,3.3364077
850,chr14,89303746,89304246,3.328184
851,chr14,89956265,89956735,4.3492627
852,chr14,90336855,90337355,3.1258342
853,chr14,91119837,91120337,3.326102
854,chr14,91219415,91219915,3.2565756
855,chr14,91224917,91225417,3.420198
856,chr14,91996932,91997432,3.4274237
857,chr14,92153469,92153969,2.8163605
858,chr14,92329699,92330199,2.8813102
859,chr14,92341325,92341825,3.2710419
860,chr14,93256611,93257111,2.8516169
861,chr14,94665054,94665554,2.928847
862,chr14,94794751,94795251,3.0120878
863,chr14,96349266,96349766,3.1409278
864,chr14,100281281,100281781,3.3385272
865,chr14,100451478,100451978,2.8483937
866,chr14,101665376,101665876,3.3592792
867,chr14,101763930,101764430,3.0217838
868,chr14,102150809,102151309,3.4555464
869,chr14,102999842,103000342,3.2490764
870,chr14,104130929,104131372,3.3235102
871,chr14,104815841,104816326,5.094685
872,chr15,23466914,23467414,3.237814
873,chr15,27081742,27082242,3.2430081
874,chr15,27084785,27085285,2.980485
875,chr15,27150467,27150967,3.2398276
876,chr15,27222099,27222599,3.3227959
877,chr15,27222609,27223109,3.6510866
878,chr15,29821450,29821856,4.4531198
879,chr15,29822778,29823278,4.2651777
880,chr15,31360717,31361217,3.123826
881,chr15,31438524,31439024,3.5570607
882,chr15,34233575,34234075,3.0764155
883,chr15,34299394,34299894,2.876574
884,chr15,37135204,37135704,3.4169083
885,chr15,38169749,38170249,2.995538
886,chr15,38217725,38218225,3.1794086
887,chr15,38218276,38218776,3.1490567
888,chr15,38332597,38333097,2.962702
889,chr15,38750675,38751175,3.1183543
890,chr15,39937939,39938439,2.8048072
891,chr15,39942314,39942814,3.5259125
892,chr15,39968206,39968706,3.1038098
893,chr15,40055099,40055553,2.901588
894,chr15,40086665,40087165,3.2294455
895,chr15,40342897,40343397,3.4728923
896,chr15,40372968,40373468,2.9404142
897,chr15,40375776,40376276,2.7721074
898,chr15,40449969,40450469,3.1582255
899,chr15,40763238,40763515,4.7609873
900,chr15,40857568,40858035,3.4420488
901,chr15,40859081,40859550,3.8690982
902,chr15,40894769,40895269,4.033151
903,chr15,40903911,40904411,3.5435753
904,chr15,41014150,41014650,2.9598145
905,chr15,41018359,41018859,3.4481447
906,chr15,41184778,41184798,2.9975579
907,chr15,41425649,41426149,2.7882402
908,chr15,41603841,41604241,3.4155269
909,chr15,41904511,41904961,3.5555236
910,chr15,42100622,42101122,3.268686
911,chr15,42104596,42105096,2.73523
912,chr15,42110318,42110818,3.0476713
913,chr15,42210682,42211182,3.138201
914,chr15,42449860,42450360,3.6558683
915,chr15,42579633,42580133,2.7995067
916,chr15,43296752,43297252,2.775234
917,chr15,43318951,43319451,2.778473
918,chr15,43429764,43430264,3.1817646
919,chr15,43795425,43795925,2.821601
920,chr15,44714803,44715303,2.874312
921,chr15,45089539,45090039,3.1370447
922,chr15,45458731,45459231,3.5680346
923,chr15,48424055,48424555,2.9759178
924,chr15,48507385,48507759,3.1128714
925,chr15,48759783,48760283,3.1034496
926,chr15,48796768,48797268,3.2076564
927,chr15,48925911,48926411,3.790222
928,chr15,49155446,49155946,4.2405047
929,chr15,50388335,50388835,2.9971802
930,chr15,51144087,51144587,3.1958513
931,chr15,51904886,51905386,3.3828905
932,chr15,51917416,51917916,2.9949913
933,chr15,52040127,52040627,3.1785152
934,chr15,52041862,52042362,3.3993993
935,chr15,52067069,52067569,2.636188
936,chr15,52068189,52068689,3.118579
937,chr15,52289781,52290271,3.0498343
938,chr15,52615485,52615985,3.0401564
939,chr15,52620143,52620643,3.0262086
940,chr15,52700346,52700846,2.8513412
941,chr15,52765712,52766212,3.5751421
942,chr15,52835554,52836054,2.8013282
943,chr15,55694742,55695242,3.0363247
944,chr15,56328675,56329175,3.0488627
945,chr15,57377456,57377774,3.5184288
946,chr15,57387316,57387816,2.9848845
947,chr15,57406349,57406849,3.1763978
948,chr15,57457500,57458000,3.1500566
949,chr15,57488479,57488979,3.1254942
950,chr15,57560936,57561436,3.5291946
951,chr15,57596317,57596817,3.308306
952,chr15,59587514,59588014,2.8382604
953,chr15,60585909,60586409,3.9024575
954,chr15,60648840,60649340,3.304448
955,chr15,63094560,63095060,3.053863
956,chr15,63474263,63474642,3.4717479
957,chr15,63474812,63475312,3.3943207
958,chr15,63718537,63719037,3.596082
959,chr15,63985374,63985874,2.9708295
960,chr15,64118006,64118506,2.8259163
961,chr15,64126750,64127250,3.0009556
962,chr15,64127438,64127938,3.2458568
963,chr15,64341386,64341886,3.0195708
964,chr15,64430019,64430519,3.1243615
965,chr15,64466519,64467019,2.995275
966,chr15,64521808,64522306,3.3409598
967,chr15,64597076,64597576,3.003169
968,chr15,64599599,64600099,3.1788914
969,chr15,64699763,64700263,3.1864798
970,chr15,65315286,65315786,2.9944224
971,chr15,65401489,65401721,3.365138
972,chr15,65414740,65415240,2.9111452
973,chr15,65579866,65580366,3.2525022
974,chr15,65638551,65638982,3.5035233
975,chr15,66505081,66505498,4.4617066
976,chr15,67661107,67661607,2.8735223
977,chr15,67937077,67937577,3.544156
978,chr15,69149500,69150000,2.9297643
979,chr15,69200962,69201462,2.9328332
980,chr15,69465964,69466464,3.932108
981,chr15,69468642,69469103,3.7391636
982,chr15,70031705,70032205,2.708647
983,chr15,70088361,70088861,3.2595193
984,chr15,70094636,70095136,3.1194823
985,chr15,70212148,70212648,3.15763
986,chr15,70704115,70704615,3.2220912
987,chr15,70757565,70758065,3.1544428
988,chr15,70768103,70768603,3.3276742
989,chr15,70787883,70788383,2.963193
990,chr15,70800071,70800571,2.962044
991,chr15,72133193,72133693,2.9493349
992,chr15,72173812,72174312,3.2474012
993,chr15,72722026,72722515,3.2808166
994,chr15,75924562,75925062,2.9643576
995,chr15,76398268,76398768,3.0722058
996,chr15,77543279,77543725,3.6730843
997,chr15,78063132,78063632,2.9549093
998,chr15,78880089,78880589,3.114694
999,chr15,78889008,78889508,3.013692
1000,chr15,81410243,81410663,3.696438
1001,chr15,82091843,82092343,2.7496743
1002,chr15,82786708,82787208,3.1682618
1003,chr15,83092382,83092882,3.3114686
1004,chr15,88865504,88866004,3.627798
1005,chr15,89088886,89089147,3.4926274
1006,chr15,89107918,89108418,3.5719023
1007,chr15,89150890,89151390,3.6715617
1008,chr15,89307773,89308273,3.235879
1009,chr15,89315976,89316476,2.9911485
1010,chr15,89670632,89671132,3.2267473
1011,chr15,90412738,90413238,3.7679043
1012,chr15,90496787,90497287,3.078608
1013,chr15,90997488,90997988,2.8399756
1014,chr15,96171050,96171550,3.334402
1015,chr15,98841362,98841862,3.0250137
1016,chr15,98941593,98942093,3.1517148
1017,chr15,99338641,99339141,3.3388898
1018,chr15,99385929,99386318,3.0744607
1019,chr15,100192002,100192502,3.1847823
1020,chr15,100693435,100693935,3.1322699
1021,chr15,101641031,101641531,3.663999
1022,chr16,191770,192270,3.3840451
1023,chr16,1675555,1676055,3.1284604
1024,chr16,2874813,2875271,3.615336
1025,chr16,3031691,3032072,3.3589175
1026,chr16,3088389,3088889,3.2238002
1027,chr16,3152668,3153107,4.171562
1028,chr16,3263513,3264013,4.487263
1029,chr16,4218185,4218685,3.310302
1030,chr16,4452592,4453092,3.2711217
1031,chr16,4481556,4481996,3.1084387
1032,chr16,4653977,4654401,3.063916
1033,chr16,4654512,4655012,2.9068565
1034,chr16,11714491,11714991,3.638781
1035,chr16,11730371,11730871,2.9704633
1036,chr16,11792534,11793034,3.353935
1037,chr16,14961458,14961958,3.1285539
1038,chr16,15686251,15686751,2.730415
1039,chr16,19078931,19079431,2.836637
1040,chr16,19218350,19218850,3.1708326
1041,chr16,19875206,19875706,3.0218687
1042,chr16,22138973,22139473,3.238983
1043,chr16,22368410,22368910,3.3490741
1044,chr16,23432225,23432725,3.3244424
1045,chr16,23469736,23470236,3.4045782
1046,chr16,23496889,23497389,3.1797202
1047,chr16,23503997,23504497,3.2626948
1048,chr16,23540338,23540838,3.0283377
1049,chr16,25009719,25010219,2.998539
1050,chr16,25135444,25135944,3.447474
1051,chr16,27313304,27313804,4.107454
1052,chr16,28924480,28924533,4.358842
1053,chr16,28945513,28945953,3.7245069
1054,chr16,29765363,29765681,3.2196722
1055,chr16,29789842,29790342,3.961458
1056,chr16,29791839,29792339,3.185368
1057,chr16,29804464,29804964,3.4906979
1058,chr16,30004888,30005177,3.460295
1059,chr16,30131993,30132493,2.8523464
1060,chr16,30401602,30402102,2.8630166
1061,chr16,30741423,30741850,3.7140565
1062,chr16,30796766,30797266,2.9390953
1063,chr16,31710114,31710614,2.9070418
1064,chr16,46632584,46633084,3.7377474
1065,chr16,46797231,46797731,2.7654388
1066,chr16,46895937,46896437,2.823749
1067,chr16,46979643,46980143,2.71426
1068,chr16,48603691,48604191,2.7863755
1069,chr16,50040506,50041006,2.990522
1070,chr16,50193594,50194094,3.003017
1071,chr16,53087132,53087632,3.0888264
1072,chr16,53609690,53610190,3.3175352
1073,chr16,53689571,53690071,3.2671804
1074,chr16,53991702,53992202,3.5429096
1075,chr16,54002249,54002749,3.0607378
1076,chr16,54927145,54927645,3.8693514
1077,chr16,56400449,56400949,3.016292
1078,chr16,56430729,56431229,3.059095
1079,chr16,56610274,56610774,3.1736817
1080,chr16,56743762,56744262,3.0938194
1081,chr16,56767021,56767521,2.8909936
1082,chr16,56949248,56949748,3.1942043
1083,chr16,58160709,58161209,3.4977276
1084,chr16,58411690,58412190,3.3239317
1085,chr16,58558580,58559080,2.9080453
1086,chr16,66510834,66511334,3.2350588
1087,chr16,66551364,66551864,3.4256577
1088,chr16,67213080,67213580,2.7610137
1089,chr16,67357477,67357977,3.122496
1090,chr16,67364728,67365228,3.1408439
1091,chr16,67458970,67459470,2.703168
1092,chr16,67555675,67556175,3.2888675
1093,chr16,67639513,67640013,3.0324502
1094,chr16,67783277,67783777,2.9453464
1095,chr16,67917902,67918402,3.5338595
1096,chr16,68152687,68153187,3.0237477
1097,chr16,68332196,68332696,3.2203255
1098,chr16,68473252,68473752,3.026483
1099,chr16,68755414,68755914,2.8755512
1100,chr16,68782713,68783213,3.0791225
1101,chr16,68902314,68902814,3.85856
1102,chr16,68993716,68994216,3.689043
1103,chr16,69093874,69094374,2.787109
1104,chr16,69095231,69095731,3.010561
1105,chr16,69099855,69100355,3.2782161
1106,chr16,69199381,69199881,2.9289596
1107,chr16,69243482,69243982,3.001197
1108,chr16,69286695,69287195,3.3154492
1109,chr16,69293324,69293824,3.1893058
1110,chr16,69363189,69363689,3.0927367
1111,chr16,69579786,69580286,2.823388
1112,chr16,70441555,70442055,3.2282743
1113,chr16,70488644,70489144,2.735365
1114,chr16,70523324,70523824,4.0945697
1115,chr16,71758406,71758906,3.3457687
1116,chr16,72915531,72916031,3.025506
1117,chr16,74304462,74304962,3.2473505
1118,chr16,74501451,74501951,3.431415
1119,chr16,74568974,74569474,3.3185616
1120,chr16,74594329,74594829,3.1921396
1121,chr16,74623010,74623510,3.5557065
1122,chr16,75042740,75043240,2.950496
1123,chr16,75087145,75087645,3.5366826
1124,chr16,75614433,75614933,3.5124118
1125,chr16,80069287,80069787,3.5289154
1126,chr16,80167547,80168047,3.3357658
1127,chr16,83847164,83847664,3.0075827
1128,chr16,87853536,87853538,3.9978187
1129,chr16,87853563,87854037,4.0661936
1130,chr16,87872477,87872892,3.0779164
1131,chr16,88294411,88294911,3.0682416
1132,chr16,88304357,88304857,2.7406745
1133,chr16,88737266,88737766,3.7251549
1134,chr16,88799047,88799547,3.0189757
1135,chr16,89322734,89323234,3.1892836
1136,chr17,752642,753142,3.9110675
1137,chr17,2123258,2123758,3.3404198
1138,chr17,2208371,2208871,3.2746072
1139,chr17,2210597,2211097,2.9341583
1140,chr17,3582851,3583351,2.9389753
1141,chr17,3667834,3668313,4.514847
1142,chr17,4682220,4682720,2.784745
1143,chr17,4903521,4904021,3.4670885
1144,chr17,5413760,5414260,3.9019358
1145,chr17,5427636,5428136,3.2990682
1146,chr17,5430471,5430971,3.0746117
1147,chr17,6599338,6599789,2.9789138
1148,chr17,6603729,6603974,3.264935
1149,chr17,6643494,6643994,3.6584504
1150,chr17,7004740,7005240,3.4553587
1151,chr17,7912937,7913437,3.2225728
1152,chr17,8124578,8125078,3.706434
1153,chr17,8190046,8190457,4.559368
1154,chr17,8288403,8288896,4.647432
1155,chr17,8946326,8946826,3.3992724
1156,chr17,9729018,9729518,3.819103
1157,chr17,14004339,14004839,3.3919938
1158,chr17,15352920,15353420,2.9748378
1159,chr17,15501488,15501988,3.421956
1160,chr17,16171450,16171950,3.1438882
1161,chr17,16201297,16201797,2.9037101
1162,chr17,16202695,16203195,3.0016975
1163,chr17,16328981,16329481,3.0402586
1164,chr17,16329552,16330052,3.3184226
1165,chr17,16396693,16397193,3.0980535
1166,chr17,17082884,17083384,2.794235
1167,chr17,17127862,17128362,2.9446075
1168,chr17,17211492,17211992,3.0199528
1169,chr17,17264345,17264845,3.087652
1170,chr17,17877986,17878468,3.2364616
1171,chr17,18200204,18200704,3.2526636
1172,chr17,18860451,18860951,3.108068
1173,chr17,18921167,18921667,3.1748931
1174,chr17,20955384,20955800,3.4980896
1175,chr17,21060392,21060892,2.958971
1176,chr17,27576791,27577291,3.3771584
1177,chr17,27762161,27762661,3.0080218
1178,chr17,28345277,28345777,3.242614
1179,chr17,28468821,28469256,3.1207716
1180,chr17,28475147,28475647,3.2716682
1181,chr17,28480981,28481481,3.2133598
1182,chr17,28634317,28634817,3.4372292
1183,chr17,28684754,28685254,3.7435782
1184,chr17,28742964,28743464,3.5741897
1185,chr17,28854769,28855269,4.101711
1186,chr17,28965815,28966066,2.6435242
1187,chr17,29376428,29376928,3.2024336
1188,chr17,30933856,30934356,3.1652255
1189,chr17,31609222,31609722,3.0790248
1190,chr17,31674846,31675346,3.315476
1191,chr17,32141243,32141743,3.6466331
1192,chr17,32298866,32299366,3.0596611
1193,chr17,32335434,32335934,2.9783332
1194,chr17,32355452,32355952,3.221678
1195,chr17,32445052,32445543,4.0612454
1196,chr17,34291666,34292166,4.0711904
1197,chr17,34980958,34981439,3.783567
1198,chr17,34998151,34998623,3.3278983
1199,chr17,35022430,35022930,3.3136775
1200,chr17,35057472,35057972,3.1011074
1201,chr17,35069312,35069812,3.2511191
1202,chr17,35930572,35931048,4.064651
1203,chr17,36550706,36551206,3.103698
1204,chr17,37259238,37259738,3.5487983
1205,chr17,37568628,37569128,3.1281517
1206,chr17,37661382,37661882,3.030595
1207,chr17,37724992,37725492,3.0791385
1208,chr17,38584261,38584761,3.6917684
1209,chr17,38790962,38791462,2.8984365
1210,chr17,39178424,39178924,3.1005402
1211,chr17,39784741,39785241,2.7776508
1212,chr17,39999023,39999523,3.0061169
1213,chr17,40176509,40177009,3.181424
1214,chr17,40224696,40225196,3.293293
1215,chr17,40260879,40261379,2.8541758
1216,chr17,40549330,40549734,3.1909015
1217,chr17,41433956,41434456,3.1079555
1218,chr17,41666925,41667425,3.785792
1219,chr17,41788260,41788760,2.564124
1220,chr17,42558983,42559483,2.865551
1221,chr17,44624456,44624956,2.6164496
1222,chr17,45087316,45087816,3.029722
1223,chr17,45156124,45156624,2.8475606
1224,chr17,45158128,45158628,3.5397458
1225,chr17,45307151,45307651,3.408251
1226,chr17,46108667,46109167,2.966255
1227,chr17,46110145,46110147,2.8058708
1228,chr17,46109647,46110024,2.800275
1229,chr17,46156895,46157395,3.0798745
1230,chr17,46794295,46794795,2.8903413
1231,chr17,47262391,47262891,3.1707222
1232,chr17,47831410,47831886,4.146013
1233,chr17,48335998,48336498,3.4620092
1234,chr17,48486493,48486993,2.9679549
1235,chr17,48636426,48636908,4.343352
1236,chr17,48836901,48837401,2.9010909
1237,chr17,49755710,49756210,3.0105827
1238,chr17,49916837,49917337,2.7542963
1239,chr17,50094209,50094662,4.1816025
1240,chr17,50534189,50534689,4.098299
1241,chr17,50631866,50632366,3.0950496
1242,chr17,55166452,55166939,3.2322102
1243,chr17,55189662,55190162,3.0851963
1244,chr17,55215752,55216252,3.2894053
1245,chr17,55259561,55260061,3.3091812
1246,chr17,56994080,56994580,3.7261992
1247,chr17,57033259,57033759,3.1042042
1248,chr17,57107577,57108077,3.4259348
1249,chr17,57846594,57847094,2.8692884
1250,chr17,57974959,57975459,3.1482282
1251,chr17,58112965,58113372,3.5081108
1252,chr17,58178503,58179003,2.7740693
1253,chr17,58283505,58284005,3.1832478
1254,chr17,58376118,58376618,2.8232238
1255,chr17,58394472,58394972,3.1550624
1256,chr17,58599140,58599640,3.3292935
1257,chr17,58626882,58627382,2.8881805
1258,chr17,58666690,58667133,4.219909
1259,chr17,58666633,58666639,4.031281
1260,chr17,58764240,58764740,2.6399906
1261,chr17,59254660,59255160,3.1309335
1262,chr17,61186957,61187457,3.0066884
1263,chr17,61188153,61188653,2.9710038
1264,chr17,61312721,61313221,3.3860075
1265,chr17,61363469,61363969,3.5551646
1266,chr17,61399351,61399682,4.489007
1267,chr17,61399182,61399345,4.6398625
1268,chr17,61490625,61491125,3.2752218
1269,chr17,63432365,63432558,3.9066637
1270,chr17,63613581,63614081,2.8493915
1271,chr17,63714877,63715377,3.3916764
1272,chr17,63987391,63987891,2.805625
1273,chr17,64095501,64096001,3.4777048
1274,chr17,64118463,64118963,3.4146986
1275,chr17,64176562,64177062,2.942672
1276,chr17,64231067,64231567,3.1962538
1277,chr17,65779187,65779687,3.1688058
1278,chr17,67244224,67244724,3.4120972
1279,chr17,68491374,68491874,3.2775073
1280,chr17,68513064,68513564,3.5852685
1281,chr17,68539445,68539945,3.4614577
1282,chr17,68598974,68599474,3.101931
1283,chr17,68641525,68642025,3.192382
1284,chr17,72120691,72121191,4.3923063
1285,chr17,72987131,72987631,2.8501182
1286,chr17,73300312,73300812,3.0413322
1287,chr17,74353407,74353907,3.0119398
1288,chr17,74815655,74816155,3.514441
1289,chr17,75681262,75681762,3.1884527
1290,chr17,75908144,75908644,2.9289827
1291,chr17,75944148,75944648,2.970383
1292,chr17,76014122,76014622,3.6247225
1293,chr17,76053253,76053753,3.3730032
1294,chr17,76447920,76448420,2.8595505
1295,chr17,76562672,76563172,3.6364517
1296,chr17,78169317,78169811,3.1095884
1297,chr17,80866107,80866600,3.3369005
1298,chr17,81821654,81822154,3.2302654
1299,chr17,82012615,82013115,3.2277591
1300,chr17,82258547,82259047,3.0960255
1301,chr17,83010168,83010668,3.2782137
1302,chr18,826184,826684,3.3156881
1303,chr18,6221341,6221841,3.612786
1304,chr18,8615642,8616016,3.3485343
1305,chr18,9612129,9612629,3.2204916
1306,chr18,9899032,9899437,3.2406998
1307,chr18,12406395,12406895,3.4117775
1308,chr18,13609126,13609626,3.1549435
1309,chr18,23377651,23378151,3.5162373
1310,chr18,23529732,23530232,3.620278
1311,chr18,23550955,23551455,3.2229786
1312,chr18,23627172,23627672,3.512494
1313,chr18,23660018,23660518,3.0411563
1314,chr18,23743694,23744194,3.196255
1315,chr18,31199404,31199839,3.6043558
1316,chr18,31510342,31510842,3.7681284
1317,chr18,31646341,31646841,3.2227361
1318,chr18,31648888,31649388,3.5620522
1319,chr18,31661989,31662489,2.932685
1320,chr18,31678144,31678644,3.5217848
1321,chr18,35583087,35583587,3.4069688
1322,chr18,46362493,46362993,3.0925367
1323,chr18,46848625,46849125,3.067638
1324,chr18,47772560,47773056,3.4520538
1325,chr18,49747782,49748282,3.1974812
1326,chr18,49820371,49820871,3.1209877
1327,chr18,58789259,58789743,3.9858103
1328,chr18,59084108,59084557,3.384534
1329,chr18,59358468,59358930,3.6706638
1330,chr18,59434235,59434735,3.3277898
1331,chr18,62165485,62165985,3.2946455
1332,chr18,62741220,62741720,3.5223792
1333,chr18,62800314,62800814,3.0485032
1334,chr18,63518390,63518885,4.048472
1335,chr18,74196039,74196539,3.7247055
1336,chr18,74196636,74197136,3.381646
1337,chr18,74299636,74300136,3.4060655
1338,chr18,74311990,74312490,3.0288417
1339,chr18,77544728,77545228,2.8644977
1340,chr18,79954305,79954805,3.489925
1341,chr19,480090,480590,3.6807601
1342,chr19,1167868,1168252,3.0632355
1343,chr19,2185227,2185727,3.7268856
1344,chr19,3275239,3275739,3.872024
1345,chr19,3990153,3990605,3.4279585
1346,chr19,5967908,5968338,3.334807
1347,chr19,6125469,6125969,2.8614202
1348,chr19,6268304,6268804,3.1162817
1349,chr19,6791092,6791592,2.749403
1350,chr19,7551340,7551439,4.480251
1351,chr19,7894811,7895239,3.1740766
1352,chr19,9785898,9786077,4.757548
1353,chr19,10260124,10260624,3.3705459
1354,chr19,10416462,10416956,4.8898726
1355,chr19,10952816,10953255,3.57081
1356,chr19,11597163,11597636,4.349446
1357,chr19,13134548,13135048,2.91443
1358,chr19,14032206,14032216,3.6199703
1359,chr19,16185125,16185557,4.6507883
1360,chr19,18498902,18499402,2.7669692
1361,chr19,18836064,18836564,3.0273106
1362,chr19,18894942,18895442,3.7459326
1363,chr19,18995746,18996246,3.044529
1364,chr19,19021045,19021545,2.987017
1365,chr19,19138248,19138698,4.050246
1366,chr19,21685688,21686188,3.3111744
1367,chr19,32976255,32976755,3.4416914
1368,chr19,34270057,34270557,3.0367622
1369,chr19,34459547,34460042,3.2881846
1370,chr19,35352665,35353165,3.4942434
1371,chr19,37653946,37654446,3.1333253
1372,chr19,38388033,38388361,5.166488
1373,chr19,38387861,38387997,5.240382
1374,chr19,38636726,38637193,3.4367466
1375,chr19,38652128,38652628,3.271056
1376,chr19,38662008,38662508,3.3997023
1377,chr19,38962154,38962416,3.8838396
1378,chr19,39627546,39628046,3.1098073
1379,chr19,40221880,40222380,4.184819
1380,chr19,40305282,40305782,3.454926
1381,chr19,40433117,40433617,3.2043521
1382,chr19,41362361,41362834,2.8623686
1383,chr19,41531438,41531938,4.0996013
1384,chr19,44836409,44836909,2.6692986
1385,chr19,45730843,45731252,3.98037
1386,chr19,46890499,46890999,3.4474688
1387,chr19,46901978,46902478,3.432299
1388,chr19,47113504,47114004,4.812766
1389,chr19,47240940,47241386,3.6807888
1390,chr19,48206416,48206916,3.5672023
1391,chr19,48260048,48260540,4.602388
1392,chr19,48543283,48543671,3.2421305
1393,chr19,48954612,48954958,4.6121492
1394,chr19,48993134,48993634,4.8687887
1395,chr19,49329736,49330236,3.4442573
1396,chr19,50978968,50979468,3.163602
1397,chr19,51359455,51359955,2.8159778
1398,chr19,51394101,51394549,4.8577595
1399,chr19,53908041,53908541,3.814697
1400,chr19,55165890,55166390,4.3767223
1401,chr19,55658257,55658757,3.0767176
1402,chr19,56367946,56368403,4.789025
1403,chr19,57477400,57477833,4.1068754
1404,chr19,57478986,57479486,3.141539
1405,chr19,57587266,57587766,3.3846931
1406,chr19,57656336,57656836,3.0708437
1407,chr19,57681694,57682194,4.607705
1408,chr19,57727413,57727876,4.031067
1409,chr19,58058950,58059450,4.3720927
1410,chr19,58372362,58372862,3.581022
1411,chr2,1593507,1594007,3.470398
1412,chr2,6258988,6259488,3.0620217
1413,chr2,6841786,6842286,3.3191617
1414,chr2,8500520,8501020,3.390635
1415,chr2,8684593,8685093,3.7125902
1416,chr2,9594691,9595191,3.1635203
1417,chr2,19569315,19569815,3.4862845
1418,chr2,19898870,19899370,3.1857486
1419,chr2,20326115,20326615,3.6166668
1420,chr2,23568604,23569049,3.011921
1421,chr2,24489408,24489908,3.257901
1422,chr2,27032630,27033130,4.185236
1423,chr2,27081142,27081623,3.1794662
1424,chr2,27355960,27356460,4.0537567
1425,chr2,27407986,27408474,3.0096922
1426,chr2,27864232,27864732,3.0326862
1427,chr2,27885160,27885660,3.209544
1428,chr2,27958751,27959251,2.782487
1429,chr2,29113755,29114255,3.4896667
1430,chr2,31285828,31286328,3.3182213
1431,chr2,43088369,43088869,3.3277643
1432,chr2,44168331,44168798,5.418346
1433,chr2,46941496,46941996,4.449847
1434,chr2,55550134,55550634,3.3338084
1435,chr2,56010088,56010588,3.078141
1436,chr2,62554671,62555171,2.9035277
1437,chr2,65228152,65228652,3.7187836
1438,chr2,65324895,65325395,3.109565
1439,chr2,65379409,65379909,3.0219247
1440,chr2,65382804,65383084,3.6141634
1441,chr2,69309519,69310019,3.2971694
1442,chr2,69741519,69741953,3.950552
1443,chr2,70994676,70995145,4.3119187
1444,chr2,71068329,71068809,4.801988
1445,chr2,74373065,74373565,3.1504183
1446,chr2,74387474,74387974,3.1568224
1447,chr2,75589368,75589868,3.3453617
1448,chr2,75591927,75592427,3.3811035
1449,chr2,75602636,75603136,3.441425
1450,chr2,75646541,75646965,4.207273
1451,chr2,84989767,84990267,3.0305734
1452,chr2,85244573,85245073,3.1078875
1453,chr2,85600671,85601171,2.6731446
1454,chr2,85637410,85637886,3.5263934
1455,chr2,85711160,85711660,3.004652
1456,chr2,85713714,85714214,2.7639236
1457,chr2,85722780,85723280,2.986786
1458,chr2,86105345,86105832,4.3127713
1459,chr2,86211359,86211859,2.980348
1460,chr2,86214120,86214620,3.334855
1461,chr2,86226629,86227129,3.1110091
1462,chr2,96632420,96632920,2.8685498
1463,chr2,98474919,98475419,2.7599683
1464,chr2,98488033,98488533,3.1870093
1465,chr2,98552315,98552815,3.326344
1466,chr2,100819325,100819538,3.8019302
1467,chr2,101509901,101510401,2.9758008
1468,chr2,109084367,109084867,3.4556148
1469,chr2,110104471,110104971,3.2523103
1470,chr2,111169190,111169690,2.865113
1471,chr2,111184715,111185215,3.114709
1472,chr2,113066396,113066896,2.9956899
1473,chr2,113265790,113266290,2.6810355
1474,chr2,121718623,121719123,3.1815834
1475,chr2,127355918,127356418,3.307251
1476,chr2,127722023,127722523,3.273447
1477,chr2,130884926,130885399,3.1917415
1478,chr2,134823471,134823971,3.0648274
1479,chr2,134836947,134837447,3.0621045
1480,chr2,151337938,151338438,3.2192652
1481,chr2,160353414,160353914,3.0709212
1482,chr2,160447576,160448076,3.3133955
1483,chr2,161171292,161171792,3.1387742
1484,chr2,170816991,170817491,4.6846085
1485,chr2,174582938,174583438,2.972045
1486,chr2,174606255,174606755,3.2718372
1487,chr2,181937423,181937923,2.877523
1488,chr2,182038560,182039060,2.9471238
1489,chr2,187547317,187547817,3.3472028
1490,chr2,189830512,189831012,3.0862198
1491,chr2,197508954,197509454,2.9621844
1492,chr2,199366439,199366939,2.9002414
1493,chr2,199376675,199377175,3.0080044
1494,chr2,200748803,200749303,2.8822465
1495,chr2,200756764,200757264,3.3882177
1496,chr2,200825872,200826372,3.1393898
1497,chr2,201056870,201057370,3.2325802
1498,chr2,201149124,201149624,3.3361182
1499,chr2,201152467,201152967,2.843312
1500,chr2,201157999,201158499,3.517727
1501,chr2,201860497,201860996,3.2985954
1502,chr2,203987161,203987661,2.8540943
1503,chr2,207734216,207734716,2.9739983
1504,chr2,209391834,209392334,3.383233
1505,chr2,210199869,210200369,2.8691194
1506,chr2,215920060,215920560,3.1828032
1507,chr2,216630372,216630872,3.129181
1508,chr2,217357847,217358347,3.1290689
1509,chr2,217928744,217928962,2.8315165
1510,chr2,217928462,217928713,2.9497304
1511,chr2,219099266,219099766,3.2373965
1512,chr2,219352407,219352889,3.1343868
1513,chr2,219530120,219530573,3.447164
1514,chr2,227112318,227112818,2.6184764
1515,chr2,227214564,227215064,3.2740102
1516,chr2,227406017,227406517,3.5192375
1517,chr2,227766252,227766742,3.447677
1518,chr2,231270079,231270579,3.3586977
1519,chr2,236986461,236986961,3.1605265
1520,chr2,237409918,237410418,3.3454328
1521,chr2,240861443,240861943,3.1600993
1522,chr2,241334771,241335271,3.1806939
1523,chr2,241345361,241345861,3.1642032
1524,chr2,241412177,241412478,3.1812205
1525,chr2,241432685,241433185,3.1462235
1526,chr2,241550338,241550838,3.0358047
1527,chr2,241550945,241551445,3.0147848
1528,chr20,724366,724866,2.7993343
1529,chr20,1130235,1130735,3.1279645
1530,chr20,2111726,2112226,3.2671733
1531,chr20,2133487,2133987,3.2836044
1532,chr20,2201541,2202041,3.0313025
1533,chr20,3128240,3128740,2.9011867
1534,chr20,3157540,3158040,3.2833133
1535,chr20,5119229,5119720,5.020347
1536,chr20,5750088,5750575,3.3233962
1537,chr20,5845617,5846117,3.212863
1538,chr20,6057077,6057577,2.7059004
1539,chr20,8131843,8132343,4.0815773
1540,chr20,12983792,12984292,2.912696
1541,chr20,13017833,13018333,3.365139
1542,chr20,14012568,14013068,2.991596
1543,chr20,14672240,14672740,3.2492676
1544,chr20,18198406,18198906,2.8993096
1545,chr20,20014766,20015266,3.584507
1546,chr20,24861431,24861931,3.1504018
1547,chr20,24929852,24930352,3.192965
1548,chr20,31574212,31574712,2.794682
1549,chr20,31815429,31815813,3.0621953
1550,chr20,32018256,32018756,4.325108
1551,chr20,32145049,32145549,2.93149
1552,chr20,32326400,32326879,3.4544802
1553,chr20,32330135,32330569,3.0654783
1554,chr20,32400398,32400898,2.9560003
1555,chr20,32674254,32674747,3.2238078
1556,chr20,32718754,32719254,3.112906
1557,chr20,32737573,32738073,3.0513954
1558,chr20,32883811,32884311,2.8735344
1559,chr20,33724397,33724897,3.167266
1560,chr20,34033783,34034283,3.0367687
1561,chr20,34567442,34567942,2.87508
1562,chr20,34882980,34883480,2.8957028
1563,chr20,35461541,35462041,3.0370674
1564,chr20,35506177,35506677,3.2056682
1565,chr20,35506722,35507222,3.5769088
1566,chr20,35561206,35561706,3.2346594
1567,chr20,35657235,35657735,2.8245344
1568,chr20,35995805,35996305,2.7827039
1569,chr20,36085698,36086198,3.2378998
1570,chr20,36519849,36520349,2.904462
1571,chr20,36612630,36613130,2.610413
1572,chr20,37202053,37202553,3.529318
1573,chr20,38435164,38435615,4.3415127
1574,chr20,41050956,41051456,3.318262
1575,chr20,41607004,41607504,2.778493
1576,chr20,44553088,44553588,3.8061373
1577,chr20,44581296,44581796,2.8800359
1578,chr20,45778837,45779337,3.6409943
1579,chr20,45867722,45868222,3.3943634
1580,chr20,45971591,45972091,4.8100305
1581,chr20,46441867,46442367,3.2450259
1582,chr20,47380481,47380981,2.9376326
1583,chr20,47455233,47455733,2.9933443
1584,chr20,49265804,49266304,3.236308
1585,chr20,50110479,50110979,3.2602322
1586,chr20,50731965,50732465,3.716527
1587,chr20,53673349,53673849,2.8335268
1588,chr20,53691459,53691959,3.4132628
1589,chr20,56592211,56592711,3.1776695
1590,chr20,56639993,56640493,2.9451153
1591,chr20,60057198,60057698,3.5206554
1592,chr20,62368492,62368992,3.5889277
1593,chr20,62382654,62383129,3.2693315
1594,chr20,63113874,63114374,3.0577228
1595,chr20,63198128,63198628,2.9068828
1596,chr20,63538164,63538167,3.839362
1597,chr20,63728350,63728850,3.189735
1598,chr20,64058378,64058869,3.2785668
1599,chr21,14259672,14260172,3.545773
1600,chr21,16013707,16014207,2.994005
1601,chr21,32483177,32483677,3.166394
1602,chr21,33451528,33452028,3.3366497
1603,chr21,34603015,34603515,3.4085023
1604,chr21,34950812,34951312,3.0739446
1605,chr21,37127974,37128474,2.9572191
1606,chr21,38787471,38787948,4.0452313
1607,chr21,41761579,41761827,3.7943068
1608,chr21,44348121,44348621,3.6149867
1609,chr21,44799614,44800114,3.5879042
1610,chr21,44865138,44865638,3.4720573
1611,chr21,44916739,44917239,3.21481
1612,chr22,17064491,17064991,2.9565945
1613,chr22,17112424,17112924,2.948713
1614,chr22,17396441,17396941,3.07498
1615,chr22,17711472,17711972,3.1887805
1616,chr22,19434361,19434861,2.9342027
1617,chr22,19568490,19568990,3.0658112
1618,chr22,20925458,20925958,3.0426269
1619,chr22,20945993,20946493,3.3849046
1620,chr22,22207877,22208377,3.451043
1621,chr22,22226695,22227195,2.779295
1622,chr22,22559028,22559528,4.2929797
1623,chr22,23218672,23219172,3.3819976
1624,chr22,24208019,24208479,3.1376016
1625,chr22,24289824,24290324,3.4328697
1626,chr22,24566818,24567318,3.1625366
1627,chr22,24841214,24841714,2.8498595
1628,chr22,28680782,28681282,3.5109706
1629,chr22,28933988,28934488,2.7519011
1630,chr22,28953111,28953611,2.961072
1631,chr22,28983668,28984168,3.3799224
1632,chr22,29334886,29335162,3.3638985
1633,chr22,29769684,29770184,2.7776175
1634,chr22,29885643,29886143,2.9942358
1635,chr22,29979593,29980093,3.2913196
1636,chr22,30044376,30044876,3.373048
1637,chr22,30225714,30226214,2.9367504
1638,chr22,30249779,30250279,2.7371635
1639,chr22,30358611,30359111,2.872716
1640,chr22,30634394,30634894,4.022907
1641,chr22,30947778,30948278,3.1921728
1642,chr22,30951804,30952304,2.8705454
1643,chr22,31489635,31490135,4.553101
1644,chr22,32024779,32025279,3.2455387
1645,chr22,32059359,32059859,2.8170204
1646,chr22,32081884,32082384,2.853697
1647,chr22,32444056,32444556,3.2007415
1648,chr22,37784734,37785234,2.9821188
1649,chr22,37931996,37932496,3.18531
1650,chr22,38028699,38029199,2.7439265
1651,chr22,38650007,38650507,3.1770992
1652,chr22,38982099,38982580,3.4340947
1653,chr22,39785675,39786175,3.0367494
1654,chr22,39947481,39947981,2.6892772
1655,chr22,40512020,40512520,2.8024216
1656,chr22,40960146,40960646,2.91406
1657,chr22,41597305,41597805,3.1663694
1658,chr22,41638136,41638636,3.9990118
1659,chr22,41638848,41639348,3.452234
1660,chr22,41746536,41747036,3.273121
1661,chr22,41862799,41863299,3.1240072
1662,chr22,42185882,42186382,2.9608264
1663,chr22,42933766,42934266,3.3091908
1664,chr22,42947181,42947681,3.2605264
1665,chr22,43777209,43777709,3.5727768
1666,chr22,43884428,43884928,3.2241745
1667,chr22,44328250,44328750,2.9043598
1668,chr22,45090484,45090984,3.3581204
1669,chr22,45577969,45578436,4.0906115
1670,chr22,45638737,45639237,3.7007017
1671,chr22,45686166,45686666,3.0794806
1672,chr22,45708953,45709453,3.124531
1673,chr22,45709754,45710254,3.498266
1674,chr22,45722149,45722649,3.1059892
1675,chr22,45742856,45743356,3.518406
1676,chr22,45976963,45977463,4.2484465
1677,chr22,46446684,46447184,3.123582
1678,chr22,46575720,46576220,3.504551
1679,chr22,46758755,46759255,3.6694179
1680,chr22,50473142,50473642,2.7878714
1681,chr3,294030,294530,3.0517812
1682,chr3,4527654,4528154,2.904545
1683,chr3,9448622,9449122,3.1990721
1684,chr3,9754169,9754669,2.9518034
1685,chr3,9909418,9909918,2.9833322
1686,chr3,9979560,9980060,2.7796063
1687,chr3,10115384,10115856,4.491096
1688,chr3,10758586,10759012,3.7828932
1689,chr3,11643722,11644201,3.7484636
1690,chr3,12558659,12559159,3.3628063
1691,chr3,12568270,12568770,2.9904082
1692,chr3,12625241,12625741,2.7318037
1693,chr3,12656180,12656680,3.1139524
1694,chr3,13687333,13687833,2.865189
1695,chr3,14125726,14126226,3.6502523
1696,chr3,14319560,14320027,3.3504493
1697,chr3,15313427,15313927,2.7723305
1698,chr3,23947247,23947747,3.4384131
1699,chr3,30518445,30518677,3.3592584
1700,chr3,32354398,32354898,3.7196023
1701,chr3,36958658,36959081,3.3993642
1702,chr3,37492798,37493298,3.0139942
1703,chr3,39408270,39408770,3.7445006
1704,chr3,40828372,40828872,3.4389963
1705,chr3,42061957,42062457,3.3403122
1706,chr3,43200220,43200720,3.3083084
1707,chr3,43730029,43730529,3.263571
1708,chr3,44881250,44881750,2.893116
1709,chr3,44939431,44939931,2.8368652
1710,chr3,44962836,44963336,3.200407
1711,chr3,44984324,44984824,3.0703127
1712,chr3,45618122,45618620,3.0239859
1713,chr3,45681788,45682288,3.3082218
1714,chr3,45938746,45939192,3.498209
1715,chr3,46527259,46527759,3.5664499
1716,chr3,46930786,46931286,3.0267866
1717,chr3,46964843,46965343,2.9155836
1718,chr3,47019055,47019555,3.1052449
1719,chr3,47024865,47025365,2.9961874
1720,chr3,47143915,47144415,2.8189082
1721,chr3,47250449,47250949,2.9863548
1722,chr3,47462727,47463227,2.8938217
1723,chr3,47588609,47589109,2.9343927
1724,chr3,47627471,47627971,2.9103663
1725,chr3,48634550,48635050,3.9000878
1726,chr3,48765282,48765782,3.1546636
1727,chr3,48952520,48953020,3.1372936
1728,chr3,49191675,49192175,3.0942848
1729,chr3,49402024,49402227,3.2273278
1730,chr3,49402227,49402524,3.2026343
1731,chr3,49813025,49813525,2.7983234
1732,chr3,49841045,49841545,3.0568993
1733,chr3,50445872,50446372,2.7695572
1734,chr3,50583912,50584299,2.9694932
1735,chr3,51617566,51618066,3.0145698
1736,chr3,52196917,52197417,3.1486137
1737,chr3,53110167,53110667,3.0397222
1738,chr3,53129161,53129661,3.326003
1739,chr3,53134552,53134922,3.335513
1740,chr3,53150245,53150745,2.9825635
1741,chr3,55490147,55490647,3.446604
1742,chr3,55574436,55574936,2.9244523
1743,chr3,56758533,56759033,3.3141599
1744,chr3,56759916,56760416,2.7025719
1745,chr3,57345276,57345776,2.7623312
1746,chr3,57752264,57752764,2.8585312
1747,chr3,58422908,58423408,3.141698
1748,chr3,58568506,58569006,3.4795918
1749,chr3,63886774,63887274,3.092369
1750,chr3,63964702,63965202,3.1349592
1751,chr3,64046468,64046968,2.987122
1752,chr3,64198135,64198635,3.0184228
1753,chr3,65964170,65964670,3.3934078
1754,chr3,65971232,65971732,2.8526928
1755,chr3,66049307,66049807,2.8264525
1756,chr3,69088175,69088675,3.2403915
1757,chr3,69110758,69111258,2.6766477
1758,chr3,69306295,69306795,3.6051457
1759,chr3,70277351,70277851,3.4155781
1760,chr3,70358675,70359175,3.4620907
1761,chr3,71633538,71634038,2.9590318
1762,chr3,72368439,72368939,3.4050064
1763,chr3,72432853,72433353,3.1381807
1764,chr3,72763982,72764482,2.8997455
1765,chr3,87196880,87197380,3.1260757
1766,chr3,87225879,87226379,3.5586274
1767,chr3,87293216,87293716,2.8881044
1768,chr3,88113498,88113998,3.1675134
1769,chr3,98657437,98657937,3.615746
1770,chr3,98855746,98856246,3.1677985
1771,chr3,99789321,99789821,3.2779224
1772,chr3,99817577,99818064,4.777732
1773,chr3,102007073,102007573,2.9660892
1774,chr3,102079424,102079924,3.064821
1775,chr3,102179664,102180164,3.3262093
1776,chr3,102195167,102195667,3.3366506
1777,chr3,102206495,102206995,3.3314617
1778,chr3,107990915,107991415,2.9652634
1779,chr3,108022261,108022761,3.4313362
1780,chr3,111577762,111578262,3.3184335
1781,chr3,113714680,113715180,3.0580525
1782,chr3,114878527,114879027,3.2813902
1783,chr3,120177099,120177599,2.821724
1784,chr3,120198524,120199024,2.925612
1785,chr3,120506493,120506993,3.6065469
1786,chr3,120507291,120507791,3.3182356
1787,chr3,121943312,121943812,2.9657826
1788,chr3,122533786,122534286,3.7590218
1789,chr3,123157867,123157948,2.8600473
1790,chr3,123157448,123157677,2.5933623
1791,chr3,123658794,123659294,3.039304
1792,chr3,123861316,123861816,3.061075
1793,chr3,125059850,125060306,3.335276
1794,chr3,128011151,128011575,4.048388
1795,chr3,128703561,128704061,2.871481
1796,chr3,128727608,128728108,3.4824343
1797,chr3,128780238,128780738,2.7349248
1798,chr3,130759662,130760162,3.3147588
1799,chr3,133900052,133900552,2.831431
1800,chr3,134250722,134251222,4.2403283
1801,chr3,134373573,134374073,4.2379565
1802,chr3,134430744,134431244,2.7767773
1803,chr3,134449893,134450393,2.916867
1804,chr3,135197453,135197953,3.5794787
1805,chr3,136171188,136171688,3.0413938
1806,chr3,136334198,136334698,2.900667
1807,chr3,138265813,138266313,3.0006492
1808,chr3,138424019,138424519,2.8136668
1809,chr3,138440117,138440617,3.1894436
1810,chr3,138469999,138470499,3.2400053
1811,chr3,140927408,140927908,3.000979
1812,chr3,141487634,141488108,4.058005
1813,chr3,142613563,142614063,3.1628761
1814,chr3,148902257,148902757,3.1791158
1815,chr3,149134136,149134636,3.4844153
1816,chr3,149202002,149202502,2.9788396
1817,chr3,149308802,149309302,2.7239363
1818,chr3,149744543,149745043,3.0354402
1819,chr3,149898435,149898935,3.4009748
1820,chr3,152856727,152857227,3.1987302
1821,chr3,153279649,153280149,3.10627
1822,chr3,154144823,154145323,3.2022653
1823,chr3,158485984,158486484,3.148091
1824,chr3,160130891,160131391,3.0018008
1825,chr3,168025109,168025609,3.0065713
1826,chr3,169952271,169952771,3.0831711
1827,chr3,170205016,170205516,2.7348459
1828,chr3,172039289,172039782,4.0967875
1829,chr3,172710058,172710550,3.5562575
1830,chr3,175070796,175071296,3.6554067
1831,chr3,175187529,175188029,2.9393685
1832,chr3,175238725,175239225,3.0734968
1833,chr3,176595321,176595821,3.07403
1834,chr3,177187244,177187744,2.8956819
1835,chr3,177351909,177352409,3.2062995
1836,chr3,177476316,177476816,3.1753263
1837,chr3,177483567,177484067,3.0640385
1838,chr3,177527237,177527737,3.4787478
1839,chr3,177811304,177811804,2.9214323
1840,chr3,177889269,177889769,3.1275055
1841,chr3,177929955,177930455,2.9358637
1842,chr3,177930474,177930974,3.0901878
1843,chr3,178174187,178174687,2.927207
1844,chr3,181382749,181383249,3.6407063
1845,chr3,182683511,182684006,3.3783412
1846,chr3,182967392,182967892,3.1096544
1847,chr3,183483152,183483652,2.8642273
1848,chr3,183533872,183534372,3.2383964
1849,chr3,183674638,183675138,2.8984249
1850,chr3,183981967,183982467,3.3987157
1851,chr3,184039532,184040032,3.4434469
1852,chr3,184116439,184116939,3.0989504
1853,chr3,184128857,184129357,3.08674
1854,chr3,184479368,184479868,3.287592
1855,chr3,184716334,184716834,3.399376
1856,chr3,186226549,186227049,3.023421
1857,chr3,186540504,186541004,4.179271
1858,chr3,186640932,186641432,2.943953
1859,chr3,186846775,186847275,2.8219619
1860,chr3,186931131,186931631,4.1802793
1861,chr3,190231983,190232483,3.243253
1862,chr3,191416949,191417449,3.4025044
1863,chr3,192841310,192841810,3.376851
1864,chr3,194235127,194235627,3.2949617
1865,chr3,195352941,195353441,3.1595018
1866,chr3,195906081,195906578,3.6185837
1867,chr3,196789991,196790491,3.5580344
1868,chr3,197151546,197152046,3.0254705
1869,chr3,197800160,197800660,2.9471579
1870,chr4,2849598,2850098,2.9432487
1871,chr4,2860734,2861234,3.129034
1872,chr4,3112855,3113355,2.8154984
1873,chr4,3174253,3174753,3.342028
1874,chr4,4394534,4395034,3.4885623
1875,chr4,6165478,6165825,3.132721
1876,chr4,6920080,6920580,2.953907
1877,chr4,7161628,7162128,2.9993188
1878,chr4,7749764,7750264,3.4518635
1879,chr4,17636776,17637234,3.9295902
1880,chr4,17687133,17687633,3.1258118
1881,chr4,19807589,19808089,2.7959995
1882,chr4,25446401,25446901,3.0522993
1883,chr4,25489192,25489692,2.7437325
1884,chr4,25513763,25514263,2.7131708
1885,chr4,25568249,25568749,3.0107496
1886,chr4,25621048,25621548,3.440092
1887,chr4,31382407,31382907,3.0403264
1888,chr4,36244161,36244415,4.5294704
1889,chr4,38591636,38592136,3.3052504
1890,chr4,38671795,38672295,3.0728352
1891,chr4,38731062,38731562,3.6717744
1892,chr4,39495757,39496257,3.3548489
1893,chr4,39524044,39524544,3.1035144
1894,chr4,40064978,40065478,3.09627
1895,chr4,40190746,40191246,3.4032295
1896,chr4,41318745,41319245,3.5701218
1897,chr4,41505100,41505557,3.075009
1898,chr4,41655758,41656258,3.355303
1899,chr4,48080070,48080570,3.4134648
1900,chr4,48343417,48343917,2.9379914
1901,chr4,48909512,48910012,3.492322
1902,chr4,52644020,52644520,3.4244757
1903,chr4,54586188,54586688,3.6749165
1904,chr4,54709491,54709991,3.3256366
1905,chr4,56689040,56689540,2.8037195
1906,chr4,75638922,75639422,2.798233
1907,chr4,75654934,75655434,3.1604624
1908,chr4,76208353,76208845,3.658083
1909,chr4,82500372,82500872,3.4089677
1910,chr4,88515577,88516073,3.7304003
1911,chr4,92234429,92234929,3.0494518
1912,chr4,98447899,98448399,3.1267998
1913,chr4,98472929,98473429,3.2407117
1914,chr4,98625824,98626324,3.1621094
1915,chr4,98630529,98631029,3.2647083
1916,chr4,98778175,98778591,3.7417076
1917,chr4,100188917,100189417,3.4666293
1918,chr4,101337689,101338189,3.2962723
1919,chr4,105594637,105595137,3.4508224
1920,chr4,105682991,105683462,3.4541175
1921,chr4,108664865,108665365,2.9858863
1922,chr4,109819440,109819940,3.2248507
1923,chr4,112901868,112902368,3.0997753
1924,chr4,116952610,116953110,3.1052246
1925,chr4,118865272,118865772,3.4672744
1926,chr4,118969294,118969747,3.095897
1927,chr4,119212907,119213396,4.296453
1928,chr4,125314606,125315099,4.2841654
1929,chr4,128477541,128478041,2.9585416
1930,chr4,128528110,128528610,2.9408717
1931,chr4,128552922,128553328,3.852892
1932,chr4,128768441,128768941,3.5075192
1933,chr4,139267013,139267513,3.3465195
1934,chr4,139367470,139367970,3.1754575
1935,chr4,139486955,139487455,2.950283
1936,chr4,139557007,139557507,4.539338
1937,chr4,140636558,140637058,2.8157077
1938,chr4,140652761,140653261,3.0343208
1939,chr4,140798701,140799201,2.8927069
1940,chr4,143335909,143336398,4.559521
1941,chr4,148515221,148515226,3.3485947
1942,chr4,153186342,153186842,3.3693848
1943,chr4,157023927,157024427,3.5119262
1944,chr4,162061165,162061665,3.314877
1945,chr4,162274302,162274802,3.417129
1946,chr4,165398520,165399020,3.2594378
1947,chr4,169180164,169180664,3.314884
1948,chr4,169229498,169229998,3.0883956
1949,chr4,174522379,174522544,4.143636
1950,chr4,183563665,183564165,3.5652559
1951,chr4,183700364,183700864,2.9188902
1952,chr4,184537933,184537978,4.06401
1953,chr4,184732074,184732534,3.3787265
1954,chr4,184745690,184746190,3.2867796
1955,chr4,184805485,184805978,3.5392187
1956,chr4,186644333,186644833,3.703727
1957,chr4,186676302,186676802,3.309972
1958,chr4,186699240,186699740,3.978241
1959,chr5,1315527,1316007,3.5802727
1960,chr5,10310396,10310896,3.6359956
1961,chr5,10334844,10335344,3.0349076
1962,chr5,10409252,10409752,2.6004667
1963,chr5,10410727,10411227,2.9148462
1964,chr5,10453743,10454243,3.3064737
1965,chr5,10519575,10520075,2.778596
1966,chr5,14364560,14365060,3.7764106
1967,chr5,17261089,17261589,3.2413023
1968,chr5,17315014,17315514,3.1563895
1969,chr5,32611965,32612465,3.2024064
1970,chr5,37837328,37837810,4.247807
1971,chr5,39992657,39993157,3.2568734
1972,chr5,40074719,40075219,3.6573033
1973,chr5,42994872,42995325,4.7003818
1974,chr5,52727639,52728073,3.4804087
1975,chr5,52987262,52987762,3.5199974
1976,chr5,53084754,53085254,3.0426912
1977,chr5,54419589,54420089,3.8429284
1978,chr5,54647168,54647523,3.206193
1979,chr5,55742619,55743119,3.131403
1980,chr5,56851411,56851911,3.1404023
1981,chr5,56977005,56977505,3.0117753
1982,chr5,61255198,61255698,3.735568
1983,chr5,61280003,61280503,3.219186
1984,chr5,64632341,64632841,3.023145
1985,chr5,68287927,68288218,3.8862326
1986,chr5,68506506,68507006,3.0373762
1987,chr5,69042791,69043291,4.441743
1988,chr5,69512888,69513388,3.8055525
1989,chr5,69517829,69518202,3.0284438
1990,chr5,72244951,72245451,3.2281094
1991,chr5,72293691,72294191,3.3128862
1992,chr5,72494173,72494673,2.8523107
1993,chr5,72854360,72854860,2.8763368
1994,chr5,73519799,73520299,3.383328
1995,chr5,74725122,74725622,2.991326
1996,chr5,74725697,74726197,2.8882558
1997,chr5,74945462,74945962,2.9864554
1998,chr5,75341838,75342338,3.1779816
1999,chr5,75406232,75406732,2.8469625
2000,chr5,76256162,76256662,3.1710572
2001,chr5,76289007,76289507,2.865357
2002,chr5,76309006,76309506,3.499415
2003,chr5,76416044,76416544,2.9632273
2004,chr5,77832363,77832863,3.7047424
2005,chr5,79536369,79536869,2.9087052
2006,chr5,82659117,82659617,3.1923542
2007,chr5,93677174,93677674,3.4148164
2008,chr5,94693237,94693545,3.4732492
2009,chr5,95046958,95047458,3.1740665
2010,chr5,95928630,95929130,3.0353534
2011,chr5,95957886,95958386,3.4614344
2012,chr5,96049954,96050454,2.7923143
2013,chr5,96661891,96662367,4.3266225
2014,chr5,103014848,103015348,2.8279605
2015,chr5,111136006,111136506,3.2609072
2016,chr5,111145627,111146127,2.9733484
2017,chr5,112228632,112229128,3.0583167
2018,chr5,112648120,112648620,2.8876064
2019,chr5,112649653,112650153,3.2810364
2020,chr5,112762115,112762615,3.0757322
2021,chr5,112959912,112960412,3.139528
2022,chr5,113272030,113272530,3.1945903
2023,chr5,115079871,115080371,3.230132
2024,chr5,115587828,115588328,2.8440099
2025,chr5,122774765,122775257,4.615109
2026,chr5,122985205,122985705,3.1974802
2027,chr5,132263859,132264359,2.9228063
2028,chr5,133274331,133274831,3.1899407
2029,chr5,133499769,133500269,3.2485657
2030,chr5,134184139,134184639,3.489684
2031,chr5,134387507,134388007,2.8856304
2032,chr5,134439196,134439696,3.14923
2033,chr5,134501732,134502232,2.9242976
2034,chr5,134834098,134834598,2.8031812
2035,chr5,134838425,134838925,2.9066935
2036,chr5,134921088,134921588,2.9613566
2037,chr5,135447627,135448127,3.241149
2038,chr5,135484452,135484952,2.7590272
2039,chr5,138109572,138110072,3.0866265
2040,chr5,138111517,138112017,3.0811403
2041,chr5,138786298,138786798,3.0899248
2042,chr5,138984015,138984515,2.9296455
2043,chr5,139062546,139063046,2.883798
2044,chr5,139203211,139203711,2.7341607
2045,chr5,139214563,139215063,2.88477
2046,chr5,139524827,139525327,3.1094377
2047,chr5,139565503,139566003,2.9209278
2048,chr5,139799303,139799803,2.6179032
2049,chr5,139863099,139863599,3.2265666
2050,chr5,140010982,140011482,3.4019403
2051,chr5,140131977,140132477,3.2587066
2052,chr5,140295265,140295765,3.0508392
2053,chr5,140398416,140398916,3.1130524
2054,chr5,140565760,140566260,3.251607
2055,chr5,141004023,141004523,3.5895078
2056,chr5,141041080,141041552,4.4480577
2057,chr5,141326161,141326661,3.4239523
2058,chr5,141992273,141992773,3.4350417
2059,chr5,142611002,142611502,3.4891891
2060,chr5,142872330,142872830,3.1386096
2061,chr5,142874540,142874998,3.5615706
2062,chr5,143086409,143086909,3.3324199
2063,chr5,143179086,143179586,2.6828077
2064,chr5,143671528,143672028,3.3109426
2065,chr5,143679744,143680244,3.26574
2066,chr5,143714250,143714750,3.7921553
2067,chr5,145941645,145942145,3.3637156
2068,chr5,146369863,146370363,3.2967277
2069,chr5,146545146,146545646,2.935335
2070,chr5,146579192,146579692,2.7718863
2071,chr5,146883380,146883880,3.0815272
2072,chr5,148938897,148939397,3.4889212
2073,chr5,149872561,149873061,3.4060383
2074,chr5,150800984,150801484,4.1286626
2075,chr5,150846999,150847494,3.735246
2076,chr5,151030401,151030901,3.2191732
2077,chr5,151278751,151279251,2.9783225
2078,chr5,154077695,154078195,3.3377066
2079,chr5,154272951,154273444,3.0234926
2080,chr5,154375989,154376489,3.2793193
2081,chr5,154461601,154462101,3.0412257
2082,chr5,154534776,154535276,3.1080112
2083,chr5,157269010,157269510,3.2427197
2084,chr5,157342359,157342859,3.2703037
2085,chr5,157463761,157464261,3.488536
2086,chr5,157466362,157466862,2.9945827
2087,chr5,168304113,168304613,3.216455
2088,chr5,168360704,168361204,2.7923105
2089,chr5,168411884,168412384,3.24202
2090,chr5,173329720,173330096,4.167829
2091,chr5,176660724,176661175,3.9465532
2092,chr5,179737139,179737639,3.071195
2093,chr5,179795189,179795689,3.6945457
2094,chr5,181159222,181159693,3.161869
2095,chr6,1347090,1347590,3.4403386
2096,chr6,1348571,1349071,2.9341002
2097,chr6,3825925,3826360,3.3850389
2098,chr6,4394518,4395018,3.194827
2099,chr6,5212738,5213238,3.092039
2100,chr6,6721500,6722000,2.9741137
2101,chr6,6739325,6739825,3.438332
2102,chr6,7304670,7305170,3.1668797
2103,chr6,7548625,7549125,3.107812
2104,chr6,12234066,12234481,3.3357368
2105,chr6,12791277,12791777,3.1652112
2106,chr6,13629443,13629943,3.1741478
2107,chr6,16947491,16947991,3.3906324
2108,chr6,16997059,16997559,2.8460844
2109,chr6,19879673,19880173,3.103251
2110,chr6,21352104,21352604,2.8752427
2111,chr6,24489802,24490302,3.0485501
2112,chr6,24717251,24717751,3.1524773
2113,chr6,24919486,24919986,2.9694078
2114,chr6,25026685,25027185,3.5591307
2115,chr6,25999247,25999747,2.8529572
2116,chr6,26025318,26025818,3.6209488
2117,chr6,26087667,26088167,3.7363033
2118,chr6,26286282,26286770,3.466922
2119,chr6,26322907,26323152,3.6508965
2120,chr6,26538109,26538551,4.638021
2121,chr6,27145841,27146341,4.174629
2122,chr6,27168540,27169040,3.304062
2123,chr6,28136644,28137100,4.559113
2124,chr6,28635254,28635754,4.0782976
2125,chr6,28645706,28646206,3.1633406
2126,chr6,28729106,28729592,3.3181868
2127,chr6,28735271,28735688,3.2937307
2128,chr6,29603898,29604398,3.4904501
2129,chr6,29899281,29899781,3.034992
2130,chr6,30130009,30130509,3.2869
2131,chr6,30130960,30131411,4.0511136
2132,chr6,30396837,30397271,3.79825
2133,chr6,30822177,30822677,3.072903
2134,chr6,30877665,30878142,3.3356972
2135,chr6,31037660,31038160,3.1668344
2136,chr6,31187752,31188252,3.3421853
2137,chr6,31196895,31197395,4.049671
2138,chr6,31664783,31665279,4.558931
2139,chr6,31680625,31681125,3.5981712
2140,chr6,31736378,31736632,3.6793008
2141,chr6,32893912,32894098,4.0004473
2142,chr6,33088519,33089019,3.1581385
2143,chr6,33719351,33719851,3.3212838
2144,chr6,33860985,33861485,3.3354058
2145,chr6,33885047,33885547,3.3943477
2146,chr6,34047767,34048267,2.758286
2147,chr6,34163789,34164231,3.6129062
2148,chr6,34546622,34547098,3.3978286
2149,chr6,34746392,34746892,3.0599227
2150,chr6,34796099,34796599,3.247289
2151,chr6,34986452,34986952,3.582923
2152,chr6,35146359,35146859,3.312741
2153,chr6,35181268,35181768,3.3298361
2154,chr6,35561924,35562424,3.7176733
2155,chr6,36607411,36607911,3.2748296
2156,chr6,36752006,36752506,3.4303849
2157,chr6,36769726,36770226,3.3552413
2158,chr6,36916131,36916631,3.3079486
2159,chr6,37018109,37018565,3.4655159
2160,chr6,37307889,37308389,3.584249
2161,chr6,37698236,37698736,4.1287107
2162,chr6,39223900,39224400,3.0866492
2163,chr6,39795088,39795588,3.2149777
2164,chr6,39795899,39796399,2.8867693
2165,chr6,39819153,39819653,3.0624115
2166,chr6,39841343,39841843,3.0394106
2167,chr6,39841866,39842366,3.1462693
2168,chr6,40560816,40561316,3.0325983
2169,chr6,41039248,41039748,4.080961
2170,chr6,41781591,41782091,3.023776
2171,chr6,41846679,41847179,3.2696288
2172,chr6,42692165,42692665,3.2760289
2173,chr6,42774574,42775074,3.5339792
2174,chr6,42810390,42810890,3.0808644
2175,chr6,42819797,42820297,2.848607
2176,chr6,43699622,43700027,3.0812979
2177,chr6,44099790,44100246,2.9391606
2178,chr6,44332720,44333220,3.3133445
2179,chr6,44338539,44338944,3.7437172
2180,chr6,46050971,46051471,3.107368
2181,chr6,52497655,52498155,3.328933
2182,chr6,52558197,52558697,3.2645566
2183,chr6,53464748,53465248,3.5781353
2184,chr6,53611229,53611729,3.087995
2185,chr6,53646480,53646980,2.8007443
2186,chr6,71250138,71250638,3.1562388
2187,chr6,78918237,78918737,2.9178534
2188,chr6,99512626,99513126,3.0083988
2189,chr6,107609722,107610222,2.6793056
2190,chr6,107698027,107698527,3.3826084
2191,chr6,108768076,108768576,2.9923828
2192,chr6,108869788,108870288,2.8118048
2193,chr6,109508107,109508607,3.0742517
2194,chr6,110537099,110537599,3.6758325
2195,chr6,112150361,112150861,3.2669647
2196,chr6,112282240,112282740,3.107695
2197,chr6,113642971,113643471,3.5899708
2198,chr6,116625989,116626489,2.8266647
2199,chr6,123415698,123416198,3.3502827
2200,chr6,129710103,129710526,3.8080106
2201,chr6,137156520,137157020,2.7981863
2202,chr6,138227404,138227904,3.3747962
2203,chr6,140071462,140071962,3.402897
2204,chr6,142173014,142173514,3.0600414
2205,chr6,144106178,144106678,2.8353448
2206,chr6,145866478,145866978,3.1879597
2207,chr6,145889738,145890238,3.0047045
2208,chr6,148027085,148027585,3.3327837
2209,chr6,149686695,149687195,3.0311499
2210,chr6,167030162,167030662,3.015532
2211,chr6,169804364,169804864,2.1517522
2212,chr7,2157644,2158144,3.199429
2213,chr7,6268283,6268783,3.59512
2214,chr7,7080565,7081065,3.0765605
2215,chr7,7428384,7428884,2.898023
2216,chr7,7452663,7453163,3.065323
2217,chr7,7505273,7505396,3.2378056
2218,chr7,7529318,7529763,3.2176335
2219,chr7,12314993,12315493,3.0354831
2220,chr7,12490072,12490572,3.307911
2221,chr7,12687267,12687730,4.6468377
2222,chr7,16648247,16648747,2.9968472
2223,chr7,20737922,20738324,3.2652786
2224,chr7,21367033,21367515,3.6219656
2225,chr7,22858908,22859408,3.639527
2226,chr7,22962816,22963316,2.8927276
2227,chr7,22968962,22969462,2.6765742
2228,chr7,23097656,23098156,3.2933872
2229,chr7,23277353,23277799,3.153905
2230,chr7,26412937,26413437,3.1978383
2231,chr7,26583119,26583619,3.0193148
2232,chr7,26603571,26604071,2.85446
2233,chr7,27285499,27285999,2.7464855
2234,chr7,27305255,27305755,2.7537951
2235,chr7,27346930,27347214,3.7955537
2236,chr7,28102698,28103198,3.4608517
2237,chr7,29900845,29901345,2.8004045
2238,chr7,30061960,30062460,3.2489495
2239,chr7,30085713,30086213,2.7120802
2240,chr7,30143715,30144215,3.2916195
2241,chr7,30255023,30255428,3.1072237
2242,chr7,30254928,30254982,3.0258012
2243,chr7,30347953,30348453,3.2392776
2244,chr7,30572294,30572794,3.809259
2245,chr7,35702446,35702946,3.2033768
2246,chr7,36262476,36262976,3.269037
2247,chr7,37930511,37931011,2.7750852
2248,chr7,38318770,38319217,3.2448778
2249,chr7,39073344,39073844,3.5137355
2250,chr7,41788499,41788999,3.4410465
2251,chr7,42843167,42843667,2.9476748
2252,chr7,42907850,42908350,2.9702423
2253,chr7,44678629,44679064,3.271425
2254,chr7,51376433,51376933,3.3999794
2255,chr7,55252465,55252965,2.8686132
2256,chr7,55570132,55570632,3.1066463
2257,chr7,65857295,65857795,2.8336432
2258,chr7,66301231,66301731,3.0321004
2259,chr7,66429761,66430261,3.4643574
2260,chr7,73442493,73442993,3.1936197
2261,chr7,73828054,73828065,3.4926867
2262,chr7,76548968,76549468,3.9422898
2263,chr7,88281612,88281776,3.1489592
2264,chr7,92766521,92767021,3.7149873
2265,chr7,96499139,96499639,3.4124124
2266,chr7,99372552,99373052,3.2263143
2267,chr7,99398835,99399335,2.7699063
2268,chr7,100465268,100465768,2.788873
2269,chr7,100563819,100564319,3.113224
2270,chr7,100827455,100827955,4.250115
2271,chr7,100942404,100942707,2.969785
2272,chr7,101182447,101182947,4.13055
2273,chr7,101856867,101857164,4.083443
2274,chr7,103298451,103298951,3.1262732
2275,chr7,103406771,103407271,3.0502427
2276,chr7,107995970,107996470,3.5440502
2277,chr7,112128840,112129340,2.971898
2278,chr7,112150839,112151339,3.1829233
2279,chr7,112211356,112211856,3.0646446
2280,chr7,112221953,112222453,2.8924837
2281,chr7,112362746,112363246,2.8779998
2282,chr7,112449298,112449798,3.8577523
2283,chr7,113185635,113186135,3.116415
2284,chr7,114086953,114087453,4.230044
2285,chr7,114088140,114088640,3.4963462
2286,chr7,116317160,116317593,3.4803889
2287,chr7,116702810,116703310,2.9085484
2288,chr7,116737143,116737643,3.276268
2289,chr7,116772492,116772992,3.531697
2290,chr7,116969455,116969955,2.995606
2291,chr7,117011695,117012195,3.0244093
2292,chr7,117088567,117089067,3.1408238
2293,chr7,117132234,117132734,3.145462
2294,chr7,117143478,117143978,3.030267
2295,chr7,117165520,117166020,3.2032065
2296,chr7,120785892,120786392,2.7096581
2297,chr7,120867961,120868461,3.2226226
2298,chr7,120876841,120877341,3.0123773
2299,chr7,120926515,120927015,3.1074638
2300,chr7,128757007,128757507,2.9898818
2301,chr7,129027513,129028013,2.6904218
2302,chr7,129110584,129111084,3.059078
2303,chr7,129160469,129160969,2.7231054
2304,chr7,129368256,129368756,3.2400033
2305,chr7,134514555,134515055,3.6416552
2306,chr7,135207680,135208180,3.2412252
2307,chr7,135281440,135281940,3.463695
2308,chr7,135798007,135798507,2.959457
2309,chr7,137818080,137818580,3.0844727
2310,chr7,139272703,139273203,2.7841265
2311,chr7,139426149,139426649,2.8097239
2312,chr7,140571658,140572158,3.006877
2313,chr7,140719642,140720142,3.1023502
2314,chr7,140811134,140811634,3.4735146
2315,chr7,140866494,140866994,2.9152865
2316,chr7,141586189,141586689,3.0317564
2317,chr7,143245608,143245639,3.1560385
2318,chr7,143245139,143245362,3.2683012
2319,chr7,150974436,150974936,4.4736505
2320,chr7,151172535,151173035,4.477238
2321,chr7,152673861,152674339,3.2627728
2322,chr7,155574848,155575348,3.18042
2323,chr8,8685568,8686068,3.4903228
2324,chr8,8731955,8732455,2.637041
2325,chr8,8804317,8804817,3.1666107
2326,chr8,8806039,8806539,2.9435806
2327,chr8,10809431,10809931,3.4755127
2328,chr8,21721075,21721575,2.9841123
2329,chr8,22137318,22137765,3.4079475
2330,chr8,23260339,23260839,3.1359859
2331,chr8,23472314,23472814,3.7951393
2332,chr8,28827724,28828224,3.326797
2333,chr8,28869501,28870001,2.979645
2334,chr8,28941366,28941866,3.031311
2335,chr8,29185280,29185780,3.4592636
2336,chr8,35872511,35873011,3.2200553
2337,chr8,35926874,35927374,3.359337
2338,chr8,37637782,37638282,3.2445042
2339,chr8,37660300,37660800,3.5400734
2340,chr8,38025041,38025541,3.1711876
2341,chr8,38444692,38445192,2.866366
2342,chr8,38644078,38644578,3.1532664
2343,chr8,38644946,38645446,3.054759
2344,chr8,42774129,42774629,2.993213
2345,chr8,42915596,42916096,2.9594584
2346,chr8,42916343,42916843,3.1286936
2347,chr8,53863249,53863749,3.2526944
2348,chr8,55998856,55999356,3.062059
2349,chr8,56291150,56291650,2.9651144
2350,chr8,56494960,56495460,3.2797472
2351,chr8,60199165,60199665,3.3011067
2352,chr8,65475862,65476362,3.2016
2353,chr8,65510494,65510994,3.2379706
2354,chr8,66711716,66712216,3.2895103
2355,chr8,70614368,70614868,2.7376978
2356,chr8,70666652,70667152,3.3671265
2357,chr8,71327486,71327986,3.2036798
2358,chr8,73888394,73888894,3.1379418
2359,chr8,73992060,73992560,3.15281
2360,chr8,78713420,78713920,2.818009
2361,chr8,80809873,80810373,2.83433
2362,chr8,81682468,81682968,3.0735903
2363,chr8,89889364,89889864,3.2108967
2364,chr8,89901739,89902239,4.1305003
2365,chr8,91022631,91023131,3.100067
2366,chr8,95075440,95075940,3.4602172
2367,chr8,96349017,96349517,3.580342
2368,chr8,97785927,97786427,3.4274473
2369,chr8,97831472,97831972,3.1642766
2370,chr8,97853470,97853970,3.0424626
2371,chr8,99013017,99013515,4.383158
2372,chr8,99771882,99772382,2.9977915
2373,chr8,99782482,99782982,3.2993488
2374,chr8,99783323,99783823,3.4463365
2375,chr8,100176926,100177426,2.8522568
2376,chr8,100218630,100219130,3.1615453
2377,chr8,100238490,100238990,3.353011
2378,chr8,100417219,100417719,3.2772324
2379,chr8,101200575,101201075,2.8476088
2380,chr8,101285773,101286273,2.8787582
2381,chr8,101584475,101584975,3.20847
2382,chr8,108224795,108225295,3.5244844
2383,chr8,116766693,116766746,4.9039783
2384,chr8,123727920,123728420,3.2040868
2385,chr8,124488793,124489293,2.9683952
2386,chr8,124771544,124772044,2.9261677
2387,chr8,124924644,124925144,3.501784
2388,chr8,125100776,125101276,2.7381635
2389,chr8,125122209,125122709,3.1485093
2390,chr8,125125292,125125792,3.4580953
2391,chr8,125128439,125128939,3.3007302
2392,chr8,125130013,125130513,3.3161426
2393,chr8,125163761,125164261,3.2213829
2394,chr8,125180894,125181394,3.0001724
2395,chr8,125204722,125205222,3.0213764
2396,chr8,125207596,125208096,3.256803
2397,chr8,130749588,130750088,3.7812753
2398,chr8,132606842,132607342,3.2203012
2399,chr8,132970092,132970592,2.9519293
2400,chr8,133118731,133119231,3.0264585
2401,chr8,133123666,133124166,3.0257323
2402,chr8,133129894,133130394,3.039706
2403,chr8,133216467,133216935,3.0660098
2404,chr8,140153767,140154267,3.3093631
2405,chr8,140518417,140518917,3.030555
2406,chr8,142864834,142865334,3.16193
2407,chr8,143573866,143574364,3.548221
2408,chr8,143593913,143594413,3.4212565
2409,chr8,143624755,143625255,3.1910825
2410,chr8,144019118,144019618,3.3119793
2411,chr8,144078886,144079386,4.515871
2412,chr8,144102488,144102988,2.8749642
2413,chr8,144233444,144233944,3.1017163
2414,chr9,5447701,5448201,2.844924
2415,chr9,5917891,5918391,2.80977
2416,chr9,13088726,13089226,3.6329014
2417,chr9,14690446,14690946,3.3282833
2418,chr9,14690977,14691477,3.7266653
2419,chr9,16551658,16552158,3.0084484
2420,chr9,16587522,16588022,2.8737001
2421,chr9,16729611,16730111,3.0204854
2422,chr9,33081259,33081759,3.5498433
2423,chr9,33143290,33143790,2.948831
2424,chr9,33816884,33816999,4.178703
2425,chr9,34049981,34050481,3.616429
2426,chr9,35237238,35237738,3.1477227
2427,chr9,35733213,35733667,3.0797007
2428,chr9,35996463,35996963,2.8467336
2429,chr9,36011389,36011889,3.2808297
2430,chr9,36047334,36047834,2.8666663
2431,chr9,36118633,36119133,3.3781
2432,chr9,37963851,37964351,3.0880702
2433,chr9,68762463,68762963,2.9003959
2434,chr9,68793612,68794112,3.3158553
2435,chr9,68802418,68802918,3.133696
2436,chr9,73093875,73094375,2.9420483
2437,chr9,73131867,73132367,3.204787
2438,chr9,74773848,74774294,3.7368279
2439,chr9,75101048,75101548,3.3492813
2440,chr9,75201478,75201978,2.9488807
2441,chr9,76403285,76403785,2.997253
2442,chr9,86827850,86828350,3.0468655
2443,chr9,86943475,86943941,3.4544804
2444,chr9,87427635,87428135,3.4122486
2445,chr9,87569992,87570492,3.3030124
2446,chr9,90924468,90924968,2.6210847
2447,chr9,91077471,91077971,3.0045135
2448,chr9,91078084,91078584,2.9820473
2449,chr9,91089456,91089956,2.8567846
2450,chr9,91134541,91135041,3.0482068
2451,chr9,91274117,91274617,3.4484
2452,chr9,94056302,94056802,3.1848853
2453,chr9,95841062,95841562,2.8550582
2454,chr9,95842072,95842572,2.654189
2455,chr9,96682519,96683019,3.116897
2456,chr9,97518851,97519351,3.301897
2457,chr9,98172515,98173009,3.2765596
2458,chr9,98192976,98193400,4.5483136
2459,chr9,98677498,98677998,3.1409085
2460,chr9,99450947,99451447,3.2669582
2461,chr9,99895966,99896466,3.1804788
2462,chr9,104836126,104836626,3.2134037
2463,chr9,105318747,105319247,3.158645
2464,chr9,108937413,108937913,2.6789296
2465,chr9,109022003,109022503,2.8717175
2466,chr9,110241676,110242176,2.956475
2467,chr9,111429090,111429590,3.0354023
2468,chr9,113174265,113174765,3.0133357
2469,chr9,113343603,113344103,3.056714
2470,chr9,113481326,113481799,3.2047637
2471,chr9,113973739,113974239,3.1671047
2472,chr9,113974242,113974742,3.086527
2473,chr9,120766708,120767208,3.4801865
2474,chr9,121199911,121200411,3.104435
2475,chr9,121277745,121278245,3.4082317
2476,chr9,121372926,121373426,3.4176497
2477,chr9,121434985,121435485,3.1845562
2478,chr9,121482958,121483458,3.380227
2479,chr9,122815489,122815989,3.3954728
2480,chr9,125473277,125473777,3.341537
2481,chr9,125492974,125493474,2.9890456
2482,chr9,125631187,125631687,2.81708
2483,chr9,125632488,125632988,3.0532544
2484,chr9,126705216,126705716,3.4926524
2485,chr9,127203509,127204009,2.9049838
2486,chr9,127303836,127304336,2.8903422
2487,chr9,127329287,127329787,3.2890437
2488,chr9,127567132,127567632,2.9350076
2489,chr9,127569909,127570409,3.225673
2490,chr9,127644944,127645444,2.9884684
2491,chr9,128096664,128097164,3.432887
2492,chr9,128098126,128098616,3.8893805
2493,chr9,128295255,128295726,3.5884168
2494,chr9,129139912,129140314,3.5267694
2495,chr9,130863302,130863802,3.3548574
2496,chr9,131383165,131383665,3.045047
2497,chr9,131708217,131708717,3.4116406
2498,chr9,132032563,132033063,3.2009234
2499,chr9,132077857,132078214,3.236045
2500,chr9,134564296,134564796,2.9324794
2501,chr9,135967438,135967938,3.3336153
2502,chr9,136723579,136724079,3.1111836
2503,chr9,137129556,137130014,4.9784493
2504,chr9,137534853,137535353,3.3463936
2505,chrX,19044800,19045300,3.0244837
2506,chrX,24672609,24673109,3.5688019
2507,chrX,30830912,30831412,2.9537313
2508,chrX,38774275,38774775,3.2848783
2509,chrX,40468150,40468650,3.2022047
2510,chrX,41111043,41111543,3.1983283
2511,chrX,43828197,43828697,3.0475702
2512,chrX,46923518,46924018,2.7447402
2513,chrX,47836494,47836994,4.0140257
2514,chrX,48597211,48597691,4.1768556
2515,chrX,54180279,54180779,3.0194323
2516,chrX,56248471,56248933,3.323978
2517,chrX,68828661,68829158,4.154812
2518,chrX,71098481,71098981,3.414969
2519,chrX,71466706,71467206,3.3176746
2520,chrX,71541647,71542147,3.1894891
2521,chrX,108018947,108019447,2.7349024
2522,chrX,112851097,112851597,3.0203154
2523,chrX,119398540,119399040,3.6005085
2524,chrX,131393388,131393888,3.0696652
2525,chrX,135086400,135086698,3.7938926
2526,chrX,135421552,135422013,4.580337
2527,chrX,150362944,150363444,4.1475344
2528,chrX,150617423,150617923,3.141412
2529,chrX,153061745,153062245,3.4431405
2530,chrX,154428370,154428870,4.114524
